2026-08-26 22:20:48.774 | INFO     | __main__:run:75 - 🚀 当前运行环境: dev



////////////////////////////////////////////////////////////////////
//                          _ooOoo_                               //
//                         o8888888o                              //
//                         88" . "88                              //
//                         (| ^_^ |)                              //
//                         O\  =  /O                              //
//                      ____/`---'\____                           //
//                    .'  \\|     |//  `.                         //
//                   /  \\|||  :  |||//  \                        //
//                  /  _||||| -:- |||||-  \                       //
//                  |   | \\\  -  /// |   |                       //
//                  | \_|  ''\---/''  |   |                       //
//                  \  .-\__  `-`  ___/-. /                       //
//                ___`. .'  /--.--\  `. . ___                     //
//              ."" '<  `.___\_<|>_/___.'  >'"".                  //
//            | | :  `- \`.;`\ _ /`;.`/ - ` : | |                 //
//            \  \ `-.   \_ __\ /__ _/   .-` /  /                 //
//      ========`-.____`-.___\_____/___.-`____.-'========         //
//                           `=---='                              //
//      ^^^^^^^^^^^^^^^^^^^^^^^^^^^^^^^^^^^^^^^^^^^^^^^^^^        //
//         佛祖保佑       永无BUG     永不修改                     //
////////////////////////////////////////////////////////////////////



2026-08-26 22:20:48.775 | INFO     | logging:callHandlers:1736 - Will watch for changes in these directories: ['C:\\Users\\Administrator\\Desktop\\fssadmin_nestjs\\FastAdmin\\FssAdmin_Python\\server']
2026-08-26 22:20:48.781 | INFO     | logging:callHandlers:1736 - Uvicorn running on http://localhost:8001 (Press CTRL+C to quit)
2026-08-26 22:20:48.811 | INFO     | logging:callHandlers:1736 - Started reloader process [2524] using StatReload
2026-08-26 22:20:56.646 | INFO     | logging:callHandlers:1736 - Started server process [19888]
2026-08-26 22:20:56.646 | INFO     | logging:callHandlers:1736 - Waiting for application startup.
2026-08-26 22:20:56.647 | ERROR    | app.init_app:lifespan:107 - app init failed: 初始化 SQL 不存在: C:\Users\Administrator\Desktop\fssadmin_nestjs\FastAdmin\FssAdmin_Python\server\database\fssoa.sql
2026-08-26 22:20:56.663 | ERROR    | logging:callHandlers:1736 - Traceback (most recent call last):
  File "C:\Users\Administrator\Desktop\fssadmin_nestjs\FastAdmin\FssAdmin_Python\server\app\init_app.py", line 25, in lifespan
    await InitializeData().init_db()
  File "C:\Users\Administrator\Desktop\fssadmin_nestjs\FastAdmin\FssAdmin_Python\server\app\scripts\initialize.py", line 115, in init_db
    raise FileNotFoundError(f"初始化 SQL 不存在: {FSSOA_SQL}")
FileNotFoundError: 初始化 SQL 不存在: C:\Users\Administrator\Desktop\fssadmin_nestjs\FastAdmin\FssAdmin_Python\server\database\fssoa.sql

During handling of the above exception, another exception occurred:

Traceback (most recent call last):
  File "C:\Users\Administrator\Desktop\fssadmin_nestjs\FastAdmin\FssAdmin_Python\server\.venv\Lib\site-packages\starlette\routing.py", line 693, in lifespan
    async with self.lifespan_context(app) as maybe_state:
               ~~~~~~~~~~~~~~~~~~~~~^^^^^
  File "C:\Users\Administrator\AppData\Local\Programs\Python\Python313\Lib\contextlib.py", line 214, in __aenter__
    return await anext(self.gen)
           ^^^^^^^^^^^^^^^^^^^^^
  File "C:\Users\Administrator\Desktop\fssadmin_nestjs\FastAdmin\FssAdmin_Python\server\.venv\Lib\site-packages\fastapi\routing.py", line 133, in merged_lifespan
    async with original_context(app) as maybe_original_state:
               ~~~~~~~~~~~~~~~~^^^^^
  File "C:\Users\Administrator\AppData\Local\Programs\Python\Python313\Lib\contextlib.py", line 214, in __aenter__
    return await anext(self.gen)
           ^^^^^^^^^^^^^^^^^^^^^
  File "C:\Users\Administrator\Desktop\fssadmin_nestjs\FastAdmin\FssAdmin_Python\server\.venv\Lib\site-packages\fastapi\routing.py", line 133, in merged_lifespan
    async with original_context(app) as maybe_original_state:
               ~~~~~~~~~~~~~~~~^^^^^
  File "C:\Users\Administrator\AppData\Local\Programs\Python\Python313\Lib\contextlib.py", line 214, in __aenter__
    return await anext(self.gen)
           ^^^^^^^^^^^^^^^^^^^^^
  File "C:\Users\Administrator\Desktop\fssadmin_nestjs\FastAdmin\FssAdmin_Python\server\.venv\Lib\site-packages\fastapi\routing.py", line 133, in merged_lifespan
    async with original_context(app) as maybe_original_state:
               ~~~~~~~~~~~~~~~~^^^^^
  File "C:\Users\Administrator\AppData\Local\Programs\Python\Python313\Lib\contextlib.py", line 214, in __aenter__
    return await anext(self.gen)
           ^^^^^^^^^^^^^^^^^^^^^
  File "C:\Users\Administrator\Desktop\fssadmin_nestjs\FastAdmin\FssAdmin_Python\server\.venv\Lib\site-packages\fastapi\routing.py", line 133, in merged_lifespan
    async with original_context(app) as maybe_original_state:
               ~~~~~~~~~~~~~~~~^^^^^
  File "C:\Users\Administrator\AppData\Local\Programs\Python\Python313\Lib\contextlib.py", line 214, in __aenter__
    return await anext(self.gen)
           ^^^^^^^^^^^^^^^^^^^^^
  File "C:\Users\Administrator\Desktop\fssadmin_nestjs\FastAdmin\FssAdmin_Python\server\.venv\Lib\site-packages\fastapi\routing.py", line 133, in merged_lifespan
    async with original_context(app) as maybe_original_state:
               ~~~~~~~~~~~~~~~~^^^^^
  File "C:\Users\Administrator\AppData\Local\Programs\Python\Python313\Lib\contextlib.py", line 214, in __aenter__
    return await anext(self.gen)
           ^^^^^^^^^^^^^^^^^^^^^
  File "C:\Users\Administrator\Desktop\fssadmin_nestjs\FastAdmin\FssAdmin_Python\server\.venv\Lib\site-packages\fastapi\routing.py", line 133, in merged_lifespan
    async with original_context(app) as maybe_original_state:
               ~~~~~~~~~~~~~~~~^^^^^
  File "C:\Users\Administrator\AppData\Local\Programs\Python\Python313\Lib\contextlib.py", line 214, in __aenter__
    return await anext(self.gen)
           ^^^^^^^^^^^^^^^^^^^^^
  File "C:\Users\Administrator\Desktop\fssadmin_nestjs\FastAdmin\FssAdmin_Python\server\.venv\Lib\site-packages\fastapi\routing.py", line 133, in merged_lifespan
    async with original_context(app) as maybe_original_state:
               ~~~~~~~~~~~~~~~~^^^^^
  File "C:\Users\Administrator\AppData\Local\Programs\Python\Python313\Lib\contextlib.py", line 214, in __aenter__
    return await anext(self.gen)
           ^^^^^^^^^^^^^^^^^^^^^
  File "C:\Users\Administrator\Desktop\fssadmin_nestjs\FastAdmin\FssAdmin_Python\server\.venv\Lib\site-packages\fastapi\routing.py", line 133, in merged_lifespan
    async with original_context(app) as maybe_original_state:
               ~~~~~~~~~~~~~~~~^^^^^
  File "C:\Users\Administrator\AppData\Local\Programs\Python\Python313\Lib\contextlib.py", line 214, in __aenter__
    return await anext(self.gen)
           ^^^^^^^^^^^^^^^^^^^^^
  File "C:\Users\Administrator\Desktop\fssadmin_nestjs\FastAdmin\FssAdmin_Python\server\app\init_app.py", line 108, in lifespan
    raise SystemExit(1)
SystemExit: 1

2026-08-26 22:20:56.664 | ERROR    | logging:callHandlers:1736 - Application startup failed. Exiting.
2026-08-26 22:21:02.867 | INFO     | logging:callHandlers:1736 - Stopping reloader process [2524]
2026-08-26 22:23:58.332 | INFO     | __main__:run:75 - 🚀 当前运行环境: dev



////////////////////////////////////////////////////////////////////
//                          _ooOoo_                               //
//                         o8888888o                              //
//                         88" . "88                              //
//                         (| ^_^ |)                              //
//                         O\  =  /O                              //
//                      ____/`---'\____                           //
//                    .'  \\|     |//  `.                         //
//                   /  \\|||  :  |||//  \                        //
//                  /  _||||| -:- |||||-  \                       //
//                  |   | \\\  -  /// |   |                       //
//                  | \_|  ''\---/''  |   |                       //
//                  \  .-\__  `-`  ___/-. /                       //
//                ___`. .'  /--.--\  `. . ___                     //
//              ."" '<  `.___\_<|>_/___.'  >'"".                  //
//            | | :  `- \`.;`\ _ /`;.`/ - ` : | |                 //
//            \  \ `-.   \_ __\ /__ _/   .-` /  /                 //
//      ========`-.____`-.___\_____/___.-`____.-'========         //
//                           `=---='                              //
//      ^^^^^^^^^^^^^^^^^^^^^^^^^^^^^^^^^^^^^^^^^^^^^^^^^^        //
//         佛祖保佑       永无BUG     永不修改                     //
////////////////////////////////////////////////////////////////////



2026-08-26 22:23:58.333 | INFO     | logging:callHandlers:1736 - Will watch for changes in these directories: ['C:\\Users\\Administrator\\Desktop\\fssadmin_nestjs\\FastAdmin\\FssAdmin_Python\\server']
2026-08-26 22:23:58.337 | INFO     | logging:callHandlers:1736 - Uvicorn running on http://localhost:8001 (Press CTRL+C to quit)
2026-08-26 22:23:58.337 | INFO     | logging:callHandlers:1736 - Started reloader process [19756] using StatReload
2026-08-26 22:24:00.389 | INFO     | logging:callHandlers:1736 - Started server process [29380]
2026-08-26 22:24:00.389 | INFO     | logging:callHandlers:1736 - Waiting for application startup.
2026-08-26 22:24:00.391 | ERROR    | app.init_app:lifespan:107 - app init failed: 初始化 SQL 不存在: C:\Users\Administrator\Desktop\fssadmin_nestjs\FastAdmin\FssAdmin_Python\server\database\fssoa.sql
2026-08-26 22:24:00.397 | ERROR    | logging:callHandlers:1736 - Traceback (most recent call last):
  File "C:\Users\Administrator\Desktop\fssadmin_nestjs\FastAdmin\FssAdmin_Python\server\app\init_app.py", line 25, in lifespan
    await InitializeData().init_db()
  File "C:\Users\Administrator\Desktop\fssadmin_nestjs\FastAdmin\FssAdmin_Python\server\app\scripts\initialize.py", line 115, in init_db
    raise FileNotFoundError(f"初始化 SQL 不存在: {FSSOA_SQL}")
FileNotFoundError: 初始化 SQL 不存在: C:\Users\Administrator\Desktop\fssadmin_nestjs\FastAdmin\FssAdmin_Python\server\database\fssoa.sql

During handling of the above exception, another exception occurred:

Traceback (most recent call last):
  File "C:\Users\Administrator\Desktop\fssadmin_nestjs\FastAdmin\FssAdmin_Python\server\.venv\Lib\site-packages\starlette\routing.py", line 693, in lifespan
    async with self.lifespan_context(app) as maybe_state:
               ~~~~~~~~~~~~~~~~~~~~~^^^^^
  File "C:\Users\Administrator\AppData\Local\Programs\Python\Python313\Lib\contextlib.py", line 214, in __aenter__
    return await anext(self.gen)
           ^^^^^^^^^^^^^^^^^^^^^
  File "C:\Users\Administrator\Desktop\fssadmin_nestjs\FastAdmin\FssAdmin_Python\server\.venv\Lib\site-packages\fastapi\routing.py", line 133, in merged_lifespan
    async with original_context(app) as maybe_original_state:
               ~~~~~~~~~~~~~~~~^^^^^
  File "C:\Users\Administrator\AppData\Local\Programs\Python\Python313\Lib\contextlib.py", line 214, in __aenter__
    return await anext(self.gen)
           ^^^^^^^^^^^^^^^^^^^^^
  File "C:\Users\Administrator\Desktop\fssadmin_nestjs\FastAdmin\FssAdmin_Python\server\.venv\Lib\site-packages\fastapi\routing.py", line 133, in merged_lifespan
    async with original_context(app) as maybe_original_state:
               ~~~~~~~~~~~~~~~~^^^^^
  File "C:\Users\Administrator\AppData\Local\Programs\Python\Python313\Lib\contextlib.py", line 214, in __aenter__
    return await anext(self.gen)
           ^^^^^^^^^^^^^^^^^^^^^
  File "C:\Users\Administrator\Desktop\fssadmin_nestjs\FastAdmin\FssAdmin_Python\server\.venv\Lib\site-packages\fastapi\routing.py", line 133, in merged_lifespan
    async with original_context(app) as maybe_original_state:
               ~~~~~~~~~~~~~~~~^^^^^
  File "C:\Users\Administrator\AppData\Local\Programs\Python\Python313\Lib\contextlib.py", line 214, in __aenter__
    return await anext(self.gen)
           ^^^^^^^^^^^^^^^^^^^^^
  File "C:\Users\Administrator\Desktop\fssadmin_nestjs\FastAdmin\FssAdmin_Python\server\.venv\Lib\site-packages\fastapi\routing.py", line 133, in merged_lifespan
    async with original_context(app) as maybe_original_state:
               ~~~~~~~~~~~~~~~~^^^^^
  File "C:\Users\Administrator\AppData\Local\Programs\Python\Python313\Lib\contextlib.py", line 214, in __aenter__
    return await anext(self.gen)
           ^^^^^^^^^^^^^^^^^^^^^
  File "C:\Users\Administrator\Desktop\fssadmin_nestjs\FastAdmin\FssAdmin_Python\server\.venv\Lib\site-packages\fastapi\routing.py", line 133, in merged_lifespan
    async with original_context(app) as maybe_original_state:
               ~~~~~~~~~~~~~~~~^^^^^
  File "C:\Users\Administrator\AppData\Local\Programs\Python\Python313\Lib\contextlib.py", line 214, in __aenter__
    return await anext(self.gen)
           ^^^^^^^^^^^^^^^^^^^^^
  File "C:\Users\Administrator\Desktop\fssadmin_nestjs\FastAdmin\FssAdmin_Python\server\.venv\Lib\site-packages\fastapi\routing.py", line 133, in merged_lifespan
    async with original_context(app) as maybe_original_state:
               ~~~~~~~~~~~~~~~~^^^^^
  File "C:\Users\Administrator\AppData\Local\Programs\Python\Python313\Lib\contextlib.py", line 214, in __aenter__
    return await anext(self.gen)
           ^^^^^^^^^^^^^^^^^^^^^
  File "C:\Users\Administrator\Desktop\fssadmin_nestjs\FastAdmin\FssAdmin_Python\server\.venv\Lib\site-packages\fastapi\routing.py", line 133, in merged_lifespan
    async with original_context(app) as maybe_original_state:
               ~~~~~~~~~~~~~~~~^^^^^
  File "C:\Users\Administrator\AppData\Local\Programs\Python\Python313\Lib\contextlib.py", line 214, in __aenter__
    return await anext(self.gen)
           ^^^^^^^^^^^^^^^^^^^^^
  File "C:\Users\Administrator\Desktop\fssadmin_nestjs\FastAdmin\FssAdmin_Python\server\.venv\Lib\site-packages\fastapi\routing.py", line 133, in merged_lifespan
    async with original_context(app) as maybe_original_state:
               ~~~~~~~~~~~~~~~~^^^^^
  File "C:\Users\Administrator\AppData\Local\Programs\Python\Python313\Lib\contextlib.py", line 214, in __aenter__
    return await anext(self.gen)
           ^^^^^^^^^^^^^^^^^^^^^
  File "C:\Users\Administrator\Desktop\fssadmin_nestjs\FastAdmin\FssAdmin_Python\server\app\init_app.py", line 108, in lifespan
    raise SystemExit(1)
SystemExit: 1

2026-08-26 22:24:00.398 | ERROR    | logging:callHandlers:1736 - Application startup failed. Exiting.
2026-08-26 22:24:49.596 | WARNING  | logging:callHandlers:1736 - StatReload detected changes in 'app\api\v1\module_platform\__init__.py'. Reloading...
2026-08-26 22:24:51.676 | INFO     | logging:callHandlers:1736 - Started server process [28000]
2026-08-26 22:24:51.677 | INFO     | logging:callHandlers:1736 - Waiting for application startup.
2026-08-26 22:24:51.826 | INFO     | app.scripts.initialize:init_db:119 - sa_system_user 已有数据，跳过 fssoa.sql 导入
2026-08-26 22:24:51.827 | INFO     | app.init_app:lifespan:26 - ✅ mysql数据库初始化完成
2026-08-26 22:24:51.935 | WARNING  | logging:callHandlers:1736 - StatReload detected changes in 'app\api\v1\module_platform\tenant\model.py'. Reloading...
2026-08-26 22:24:53.914 | INFO     | app.init_app:lifespan:28 - ✅ 全局事件模块加载完成
2026-08-26 22:24:53.914 | INFO     | app.init_app:lifespan:32 - ✅ fastapi-admin-cache 初始化完成
2026-08-26 22:24:53.942 | WARNING  | app.init_app:lifespan:37 - 演示模式已开启：禁止 POST/PUT/PATCH/DELETE（登录/刷新/登出除外）
2026-08-26 22:24:53.943 | INFO     | app.init_app:lifespan:53 - ✅ 请求限流器初始化完成 (10000次/60秒)
2026-08-26 22:24:54.009 | INFO     | logging:callHandlers:1736 - Scheduler started
2026-08-26 22:24:56.117 | INFO     | app.core.ap_scheduler:_handle_job_added:362 - 任务 system_tenant_expiry_check (租户到期检查) 已添加到 default 存储器
2026-08-26 22:24:56.223 | INFO     | app.core.ap_scheduler:_cleanup_obsolete_pending_logs:848 - 清理了任务 system_tenant_expiry_check 的 1 条旧 pending 日志
2026-08-26 22:24:56.274 | INFO     | app.core.ap_scheduler:_create_job_log:886 - 执行日志创建成功: job_id=system_tenant_expiry_check, id=798
2026-08-26 22:24:56.275 | INFO     | app.core.ap_scheduler:_handle_job_added:375 - 任务 system_tenant_expiry_check 已创建初始 pending 状态日志
2026-08-26 22:24:56.280 | INFO     | logging:callHandlers:1736 - Added job "租户到期检查" to job store "default"
2026-08-26 22:24:56.282 | INFO     | app.core.ap_scheduler:_handle_job_added:362 - 任务 system_grace_reminder (宽限期续费提醒) 已添加到 default 存储器
2026-08-26 22:24:56.312 | INFO     | app.core.ap_scheduler:_cleanup_obsolete_pending_logs:848 - 清理了任务 system_grace_reminder 的 1 条旧 pending 日志
2026-08-26 22:24:56.355 | INFO     | app.core.ap_scheduler:_create_job_log:886 - 执行日志创建成功: job_id=system_grace_reminder, id=799
2026-08-26 22:24:56.356 | INFO     | app.core.ap_scheduler:_handle_job_added:375 - 任务 system_grace_reminder 已创建初始 pending 状态日志
2026-08-26 22:24:56.358 | INFO     | logging:callHandlers:1736 - Added job "宽限期续费提醒" to job store "default"
2026-08-26 22:24:56.360 | INFO     | app.core.ap_scheduler:_handle_job_added:362 - 任务 system_clean_expired (过期租户归档清理) 已添加到 default 存储器
2026-08-26 22:24:56.387 | INFO     | app.core.ap_scheduler:_cleanup_obsolete_pending_logs:848 - 清理了任务 system_clean_expired 的 1 条旧 pending 日志
2026-08-26 22:24:56.413 | INFO     | app.core.ap_scheduler:_create_job_log:886 - 执行日志创建成功: job_id=system_clean_expired, id=800
2026-08-26 22:24:56.414 | INFO     | app.core.ap_scheduler:_handle_job_added:375 - 任务 system_clean_expired 已创建初始 pending 状态日志
2026-08-26 22:24:56.414 | INFO     | logging:callHandlers:1736 - Added job "过期租户归档清理" to job store "default"
2026-08-26 22:24:56.415 | WARNING  | app.core.ap_scheduler:_register_system_jobs:674 - 订单系统任务导入失败: No module named 'app.api.v1.module_platform.order'
2026-08-26 22:24:56.416 | INFO     | app.core.ap_scheduler:_handle_job_added:362 - 任务 system_cleanup_operation_log (操作日志清理) 已添加到 default 存储器
2026-08-26 22:24:56.462 | INFO     | app.core.ap_scheduler:_cleanup_obsolete_pending_logs:848 - 清理了任务 system_cleanup_operation_log 的 1 条旧 pending 日志
2026-08-26 22:24:56.488 | INFO     | app.core.ap_scheduler:_create_job_log:886 - 执行日志创建成功: job_id=system_cleanup_operation_log, id=801
2026-08-26 22:24:56.489 | INFO     | app.core.ap_scheduler:_handle_job_added:375 - 任务 system_cleanup_operation_log 已创建初始 pending 状态日志
2026-08-26 22:24:56.490 | INFO     | logging:callHandlers:1736 - Added job "操作日志清理" to job store "default"
2026-08-26 22:24:56.490 | INFO     | app.core.ap_scheduler:_register_system_jobs:683 - 系统周期任务已注册 4 个
2026-08-26 22:24:56.490 | INFO     | app.init_app:lifespan:68 - ✅ APScheduler 初始化完成
2026-08-26 22:24:56.492 | ERROR    | logging:callHandlers:1736 - Unable to restore job "b'system_cancel_expired_orders'" -- removing it
Traceback (most recent call last):

  File "C:\Users\Administrator\Desktop\fssadmin_nestjs\FastAdmin\FssAdmin_Python\server\.venv\Lib\site-packages\apscheduler\util.py", line 317, in ref_to_obj
    obj = __import__(modulename, fromlist=[rest])
                     │                     └ 'OrderService.cancel_expired_orders'
                     └ 'app.api.v1.module_platform.order.service'

ModuleNotFoundError: No module named 'app.api.v1.module_platform.order'


The above exception was the direct cause of the following exception:


Traceback (most recent call last):

  File "<string>", line 1, in <module>
    from multiprocessing.spawn import spawn_main; spawn_main(parent_pid=19756, pipe_handle=792)
                                      │           └ <function spawn_main at 0x000001E4DCE891C0>
                                      └ <function spawn_main at 0x000001E4DCE891C0>
  File "C:\Users\Administrator\AppData\Local\Programs\Python\Python313\Lib\multiprocessing\spawn.py", line 122, in spawn_main
    exitcode = _main(fd, parent_sentinel)
               │     │   └ 336
               │     └ 3
               └ <function _main at 0x000001E4DCE89260>
  File "C:\Users\Administrator\AppData\Local\Programs\Python\Python313\Lib\multiprocessing\spawn.py", line 135, in _main
    return self._bootstrap(parent_sentinel)
           │    │          └ 336
           │    └ <function BaseProcess._bootstrap at 0x000001E4DCB91760>
           └ <SpawnProcess name='SpawnProcess-2' parent=19756 started>
  File "C:\Users\Administrator\AppData\Local\Programs\Python\Python313\Lib\multiprocessing\process.py", line 313, in _bootstrap
    self.run()
    │    └ <function BaseProcess.run at 0x000001E4DCB90CC0>
    └ <SpawnProcess name='SpawnProcess-2' parent=19756 started>
  File "C:\Users\Administrator\AppData\Local\Programs\Python\Python313\Lib\multiprocessing\process.py", line 108, in run
    self._target(*self._args, **self._kwargs)
    │    │        │    │        │    └ {'config': <uvicorn.config.Config object at 0x000001E4DCB96BA0>, 'target': <bound method Server.run of <uvicorn.server.Server...
    │    │        │    │        └ <SpawnProcess name='SpawnProcess-2' parent=19756 started>
    │    │        │    └ ()
    │    │        └ <SpawnProcess name='SpawnProcess-2' parent=19756 started>
    │    └ <function subprocess_started at 0x000001E4DF1C0CC0>
    └ <SpawnProcess name='SpawnProcess-2' parent=19756 started>
  File "C:\Users\Administrator\Desktop\fssadmin_nestjs\FastAdmin\FssAdmin_Python\server\.venv\Lib\site-packages\uvicorn\_subprocess.py", line 80, in subprocess_started
    target(sockets=sockets)
    │              └ [<socket.socket fd=788, family=2, type=1, proto=6, laddr=('127.0.0.1', 8001)>]
    └ <bound method Server.run of <uvicorn.server.Server object at 0x000001E4E21E7230>>
  File "C:\Users\Administrator\Desktop\fssadmin_nestjs\FastAdmin\FssAdmin_Python\server\.venv\Lib\site-packages\uvicorn\server.py", line 75, in run
    return asyncio_run(self.serve(sockets=sockets), loop_factory=self.config.get_loop_factory())
           │           │    │             │                      │    │      └ <function Config.get_loop_factory at 0x000001E4DF180680>
           │           │    │             │                      │    └ <uvicorn.config.Config object at 0x000001E4DCB96BA0>
           │           │    │             │                      └ <uvicorn.server.Server object at 0x000001E4E21E7230>
           │           │    │             └ [<socket.socket fd=788, family=2, type=1, proto=6, laddr=('127.0.0.1', 8001)>]
           │           │    └ <function Server.serve at 0x000001E4DF1B7EC0>
           │           └ <uvicorn.server.Server object at 0x000001E4E21E7230>
           └ <function run at 0x000001E4DEF0F560>
  File "C:\Users\Administrator\AppData\Local\Programs\Python\Python313\Lib\asyncio\runners.py", line 194, in run
    return runner.run(main)
           │      │   └ <coroutine object Server.serve at 0x000001E4DC9EE7A0>
           │      └ <function Runner.run at 0x000001E4DEF82CA0>
           └ <asyncio.runners.Runner object at 0x000001E4DC9DFB60>
  File "C:\Users\Administrator\AppData\Local\Programs\Python\Python313\Lib\asyncio\runners.py", line 118, in run
    return self._loop.run_until_complete(task)
           │    │     │                  └ <Task pending name='Task-1' coro=<Server.serve() running at C:\Users\Administrator\Desktop\fssadmin_nestjs\FastAdmin\FssAdmin...
           │    │     └ <function BaseEventLoop.run_until_complete at 0x000001E4DEF80680>
           │    └ <_WindowsSelectorEventLoop running=True closed=False debug=False>
           └ <asyncio.runners.Runner object at 0x000001E4DC9DFB60>
  File "C:\Users\Administrator\AppData\Local\Programs\Python\Python313\Lib\asyncio\base_events.py", line 708, in run_until_complete
    self.run_forever()
    │    └ <function BaseEventLoop.run_forever at 0x000001E4DEF805E0>
    └ <_WindowsSelectorEventLoop running=True closed=False debug=False>
  File "C:\Users\Administrator\AppData\Local\Programs\Python\Python313\Lib\asyncio\base_events.py", line 679, in run_forever
    self._run_once()
    │    └ <function BaseEventLoop._run_once at 0x000001E4DEF823E0>
    └ <_WindowsSelectorEventLoop running=True closed=False debug=False>
  File "C:\Users\Administrator\AppData\Local\Programs\Python\Python313\Lib\asyncio\base_events.py", line 2027, in _run_once
    handle._run()
    │      └ <function Handle._run at 0x000001E4DEEFF7E0>
    └ <Handle AsyncIOScheduler.wakeup()() at C:\Users\Administrator\Desktop\fssadmin_nestjs\FastAdmin\FssAdmin_Python\server\.venv\...
  File "C:\Users\Administrator\AppData\Local\Programs\Python\Python313\Lib\asyncio\events.py", line 89, in _run
    self._context.run(self._callback, *self._args)
    │    │            │    │           │    └ <member '_args' of 'Handle' objects>
    │    │            │    │           └ <Handle AsyncIOScheduler.wakeup()() at C:\Users\Administrator\Desktop\fssadmin_nestjs\FastAdmin\FssAdmin_Python\server\.venv\...
    │    │            │    └ <member '_callback' of 'Handle' objects>
    │    │            └ <Handle AsyncIOScheduler.wakeup()() at C:\Users\Administrator\Desktop\fssadmin_nestjs\FastAdmin\FssAdmin_Python\server\.venv\...
    │    └ <member '_context' of 'Handle' objects>
    └ <Handle AsyncIOScheduler.wakeup()() at C:\Users\Administrator\Desktop\fssadmin_nestjs\FastAdmin\FssAdmin_Python\server\.venv\...
  File "C:\Users\Administrator\Desktop\fssadmin_nestjs\FastAdmin\FssAdmin_Python\server\.venv\Lib\site-packages\apscheduler\schedulers\asyncio.py", line 61, in wakeup
    wait_seconds = self._process_jobs()
                   │    └ <function BaseScheduler._process_jobs at 0x000001E4E4BCBD80>
                   └ <apscheduler.schedulers.asyncio.AsyncIOScheduler object at 0x000001E4E356B620>
  File "C:\Users\Administrator\Desktop\fssadmin_nestjs\FastAdmin\FssAdmin_Python\server\.venv\Lib\site-packages\apscheduler\schedulers\base.py", line 1159, in _process_jobs
    due_jobs = jobstore.get_due_jobs(now)
               │        │            └ datetime.datetime(2026, 8, 26, 22, 24, 56, 491264, tzinfo=zoneinfo.ZoneInfo(key='Asia/Shanghai'))
               │        └ <function RedisJobStore.get_due_jobs at 0x000001E4E4BB7740>
               └ <RedisJobStore>
  File "C:\Users\Administrator\Desktop\fssadmin_nestjs\FastAdmin\FssAdmin_Python\server\.venv\Lib\site-packages\apscheduler\jobstores\redis.py", line 59, in get_due_jobs
    return self._reconstitute_jobs(zip(job_ids, job_states))
           │    │                      │        └ [b'\x80\x05\x95F\x02\x00\x00\x00\x00\x00\x00}\x94(\x8c\x07version\x94K\x01\x8c\x02id\x94\x8c\x1csystem_cancel_expired_orders\...
           │    │                      └ [b'system_cancel_expired_orders']
           │    └ <function RedisJobStore._reconstitute_jobs at 0x000001E4E4BB7CE0>
           └ <RedisJobStore>
> File "C:\Users\Administrator\Desktop\fssadmin_nestjs\FastAdmin\FssAdmin_Python\server\.venv\Lib\site-packages\apscheduler\jobstores\redis.py", line 143, in _reconstitute_jobs
    jobs.append(self._reconstitute_job(job_state))
    │    │      │    │                 └ b'\x80\x05\x95F\x02\x00\x00\x00\x00\x00\x00}\x94(\x8c\x07version\x94K\x01\x8c\x02id\x94\x8c\x1csystem_cancel_expired_orders\x...
    │    │      │    └ <function RedisJobStore._reconstitute_job at 0x000001E4E4BB7C40>
    │    │      └ <RedisJobStore>
    │    └ <method 'append' of 'list' objects>
    └ []
  File "C:\Users\Administrator\Desktop\fssadmin_nestjs\FastAdmin\FssAdmin_Python\server\.venv\Lib\site-packages\apscheduler\jobstores\redis.py", line 133, in _reconstitute_job
    job.__setstate__(job_state)
    │   │            └ {'version': 1, 'id': 'system_cancel_expired_orders', 'func': 'app.api.v1.module_platform.order.service:OrderService.cancel_ex...
    │   └ <function Job.__setstate__ at 0x000001E4E4BB5D00>
    └ <unprintable Job object>
  File "C:\Users\Administrator\Desktop\fssadmin_nestjs\FastAdmin\FssAdmin_Python\server\.venv\Lib\site-packages\apscheduler\job.py", line 301, in __setstate__
    self.func = ref_to_obj(self.func_ref)
    │    │      │          │    └ <member 'func_ref' of 'Job' objects>
    │    │      │          └ <unprintable Job object>
    │    │      └ <function ref_to_obj at 0x000001E4E4B94C20>
    │    └ <member 'func' of 'Job' objects>
    └ <unprintable Job object>
  File "C:\Users\Administrator\Desktop\fssadmin_nestjs\FastAdmin\FssAdmin_Python\server\.venv\Lib\site-packages\apscheduler\util.py", line 319, in ref_to_obj
    raise LookupError(

LookupError: Error resolving reference app.api.v1.module_platform.order.service:OrderService.cancel_expired_orders: could not import module
2026-08-26 22:24:58.622 | INFO     | app.api.v1.module_platform.video.meta_queue:start:106 - MetaFetchQueue started workers=1 recover_on_start=False recovered=0
2026-08-26 22:24:58.647 | INFO     | app.api.v1.module_platform.video.downloader:start:144 - DownloadQueue started workers=2 recovered=0
2026-08-26 22:24:58.652 | INFO     | app.init_app:lifespan:86 - ✅ 视频队列已启动 (meta_recover_on_start=False, ytdlp_subprocess=True)
2026-08-26 22:24:58.727 | INFO     | logging:callHandlers:1736 - Application startup complete.
2026-08-26 22:24:58.858 | INFO     | logging:callHandlers:1736 - Shutting down
2026-08-26 22:24:58.967 | INFO     | logging:callHandlers:1736 - Waiting for application shutdown.
2026-08-26 22:24:58.968 | INFO     | app.api.v1.module_platform.video.meta_queue:stop:125 - MetaFetchQueue stopped
2026-08-26 22:24:58.970 | INFO     | app.api.v1.module_platform.video.downloader:stop:151 - DownloadQueue stopping: 服务关闭
2026-08-26 22:24:58.972 | INFO     | app.api.v1.module_platform.video.downloader:stop:188 - DownloadQueue stopped
2026-08-26 22:24:58.974 | INFO     | logging:callHandlers:1736 - Scheduler has been shut down
2026-08-26 22:24:58.975 | INFO     | app.core.ap_scheduler:_handle_scheduler_shutdown:406 - 调度器已关闭
2026-08-26 22:24:58.975 | INFO     | app.core.ap_scheduler:_update_scheduler_status:511 - 调度器状态变更: 0
2026-08-26 22:24:58.977 | INFO     | app.core.database:redis_connect:201 - ✅️ Redis连接已关闭
2026-08-26 22:24:58.979 | INFO     | logging:callHandlers:1736 - Application shutdown complete.
2026-08-26 22:24:58.979 | INFO     | logging:callHandlers:1736 - Finished server process [28000]
2026-08-26 22:25:01.392 | INFO     | logging:callHandlers:1736 - Started server process [27672]
2026-08-26 22:25:01.393 | INFO     | logging:callHandlers:1736 - Waiting for application startup.
2026-08-26 22:25:01.400 | INFO     | app.scripts.initialize:init_db:119 - sa_system_user 已有数据，跳过 fssoa.sql 导入
2026-08-26 22:25:01.401 | INFO     | app.init_app:lifespan:26 - ✅ mysql数据库初始化完成
2026-08-26 22:25:03.436 | INFO     | app.init_app:lifespan:28 - ✅ 全局事件模块加载完成
2026-08-26 22:25:03.436 | INFO     | app.init_app:lifespan:32 - ✅ fastapi-admin-cache 初始化完成
2026-08-26 22:25:03.439 | WARNING  | app.init_app:lifespan:37 - 演示模式已开启：禁止 POST/PUT/PATCH/DELETE（登录/刷新/登出除外）
2026-08-26 22:25:03.439 | INFO     | app.init_app:lifespan:53 - ✅ 请求限流器初始化完成 (10000次/60秒)
2026-08-26 22:25:03.485 | INFO     | logging:callHandlers:1736 - Scheduler started
2026-08-26 22:25:05.543 | INFO     | app.core.ap_scheduler:_handle_job_added:362 - 任务 system_tenant_expiry_check (租户到期检查) 已添加到 default 存储器
2026-08-26 22:25:05.611 | INFO     | app.core.ap_scheduler:_cleanup_obsolete_pending_logs:848 - 清理了任务 system_tenant_expiry_check 的 1 条旧 pending 日志
2026-08-26 22:25:05.639 | INFO     | app.core.ap_scheduler:_create_job_log:886 - 执行日志创建成功: job_id=system_tenant_expiry_check, id=802
2026-08-26 22:25:05.640 | INFO     | app.core.ap_scheduler:_handle_job_added:375 - 任务 system_tenant_expiry_check 已创建初始 pending 状态日志
2026-08-26 22:25:05.640 | INFO     | logging:callHandlers:1736 - Added job "租户到期检查" to job store "default"
2026-08-26 22:25:05.642 | INFO     | app.core.ap_scheduler:_handle_job_added:362 - 任务 system_grace_reminder (宽限期续费提醒) 已添加到 default 存储器
2026-08-26 22:25:05.669 | INFO     | app.core.ap_scheduler:_cleanup_obsolete_pending_logs:848 - 清理了任务 system_grace_reminder 的 1 条旧 pending 日志
2026-08-26 22:25:05.695 | INFO     | app.core.ap_scheduler:_create_job_log:886 - 执行日志创建成功: job_id=system_grace_reminder, id=803
2026-08-26 22:25:05.696 | INFO     | app.core.ap_scheduler:_handle_job_added:375 - 任务 system_grace_reminder 已创建初始 pending 状态日志
2026-08-26 22:25:05.697 | INFO     | logging:callHandlers:1736 - Added job "宽限期续费提醒" to job store "default"
2026-08-26 22:25:05.698 | INFO     | app.core.ap_scheduler:_handle_job_added:362 - 任务 system_clean_expired (过期租户归档清理) 已添加到 default 存储器
2026-08-26 22:25:05.719 | INFO     | app.core.ap_scheduler:_cleanup_obsolete_pending_logs:848 - 清理了任务 system_clean_expired 的 1 条旧 pending 日志
2026-08-26 22:25:05.745 | INFO     | app.core.ap_scheduler:_create_job_log:886 - 执行日志创建成功: job_id=system_clean_expired, id=804
2026-08-26 22:25:05.746 | INFO     | app.core.ap_scheduler:_handle_job_added:375 - 任务 system_clean_expired 已创建初始 pending 状态日志
2026-08-26 22:25:05.747 | INFO     | logging:callHandlers:1736 - Added job "过期租户归档清理" to job store "default"
2026-08-26 22:25:05.747 | WARNING  | app.core.ap_scheduler:_register_system_jobs:674 - 订单系统任务导入失败: No module named 'app.api.v1.module_platform.order'
2026-08-26 22:25:05.748 | INFO     | app.core.ap_scheduler:_handle_job_added:362 - 任务 system_cleanup_operation_log (操作日志清理) 已添加到 default 存储器
2026-08-26 22:25:05.769 | INFO     | app.core.ap_scheduler:_cleanup_obsolete_pending_logs:848 - 清理了任务 system_cleanup_operation_log 的 1 条旧 pending 日志
2026-08-26 22:25:05.795 | INFO     | app.core.ap_scheduler:_create_job_log:886 - 执行日志创建成功: job_id=system_cleanup_operation_log, id=805
2026-08-26 22:25:05.796 | INFO     | app.core.ap_scheduler:_handle_job_added:375 - 任务 system_cleanup_operation_log 已创建初始 pending 状态日志
2026-08-26 22:25:05.798 | INFO     | logging:callHandlers:1736 - Added job "操作日志清理" to job store "default"
2026-08-26 22:25:05.798 | INFO     | app.core.ap_scheduler:_register_system_jobs:683 - 系统周期任务已注册 4 个
2026-08-26 22:25:05.798 | INFO     | app.init_app:lifespan:68 - ✅ APScheduler 初始化完成
2026-08-26 22:25:07.854 | INFO     | app.api.v1.module_platform.video.meta_queue:start:106 - MetaFetchQueue started workers=1 recover_on_start=False recovered=0
2026-08-26 22:25:07.858 | INFO     | app.api.v1.module_platform.video.downloader:start:144 - DownloadQueue started workers=2 recovered=0
2026-08-26 22:25:07.864 | INFO     | app.init_app:lifespan:86 - ✅ 视频队列已启动 (meta_recover_on_start=False, ytdlp_subprocess=True)
2026-08-26 22:25:07.892 | INFO     | logging:callHandlers:1736 - Application startup complete.
2026-08-26 22:25:12.152 | WARNING  | logging:callHandlers:1736 - StatReload detected changes in 'app\api\v1\module_platform\tenant\service.py'. Reloading...
2026-08-26 22:25:12.184 | INFO     | logging:callHandlers:1736 - Shutting down
2026-08-26 22:25:12.294 | INFO     | logging:callHandlers:1736 - Waiting for application shutdown.
2026-08-26 22:25:12.295 | INFO     | app.api.v1.module_platform.video.meta_queue:stop:125 - MetaFetchQueue stopped
2026-08-26 22:25:12.297 | INFO     | app.api.v1.module_platform.video.downloader:stop:151 - DownloadQueue stopping: 服务关闭
2026-08-26 22:25:12.299 | INFO     | app.api.v1.module_platform.video.downloader:stop:188 - DownloadQueue stopped
2026-08-26 22:25:12.300 | INFO     | logging:callHandlers:1736 - Scheduler has been shut down
2026-08-26 22:25:12.301 | INFO     | app.core.ap_scheduler:_handle_scheduler_shutdown:406 - 调度器已关闭
2026-08-26 22:25:12.301 | INFO     | app.core.ap_scheduler:_update_scheduler_status:511 - 调度器状态变更: 0
2026-08-26 22:25:12.303 | INFO     | app.core.database:redis_connect:201 - ✅️ Redis连接已关闭
2026-08-26 22:25:12.305 | INFO     | logging:callHandlers:1736 - Application shutdown complete.
2026-08-26 22:25:12.306 | INFO     | logging:callHandlers:1736 - Finished server process [27672]
2026-08-26 22:25:14.493 | INFO     | logging:callHandlers:1736 - Started server process [5960]
2026-08-26 22:25:14.494 | INFO     | logging:callHandlers:1736 - Waiting for application startup.
2026-08-26 22:25:14.502 | INFO     | app.scripts.initialize:init_db:119 - sa_system_user 已有数据，跳过 fssoa.sql 导入
2026-08-26 22:25:14.502 | INFO     | app.init_app:lifespan:26 - ✅ mysql数据库初始化完成
2026-08-26 22:25:14.827 | WARNING  | logging:callHandlers:1736 - StatReload detected changes in 'app\api\v1\module_platform\tenant\service.py'. Reloading...
2026-08-26 22:25:16.551 | INFO     | app.init_app:lifespan:28 - ✅ 全局事件模块加载完成
2026-08-26 22:25:16.551 | INFO     | app.init_app:lifespan:32 - ✅ fastapi-admin-cache 初始化完成
2026-08-26 22:25:16.553 | WARNING  | app.init_app:lifespan:37 - 演示模式已开启：禁止 POST/PUT/PATCH/DELETE（登录/刷新/登出除外）
2026-08-26 22:25:16.554 | INFO     | app.init_app:lifespan:53 - ✅ 请求限流器初始化完成 (10000次/60秒)
2026-08-26 22:25:16.600 | INFO     | logging:callHandlers:1736 - Scheduler started
2026-08-26 22:25:18.681 | INFO     | app.core.ap_scheduler:_handle_job_added:362 - 任务 system_tenant_expiry_check (租户到期检查) 已添加到 default 存储器
2026-08-26 22:25:18.743 | INFO     | app.core.ap_scheduler:_cleanup_obsolete_pending_logs:848 - 清理了任务 system_tenant_expiry_check 的 1 条旧 pending 日志
2026-08-26 22:25:18.771 | INFO     | app.core.ap_scheduler:_create_job_log:886 - 执行日志创建成功: job_id=system_tenant_expiry_check, id=806
2026-08-26 22:25:18.772 | INFO     | app.core.ap_scheduler:_handle_job_added:375 - 任务 system_tenant_expiry_check 已创建初始 pending 状态日志
2026-08-26 22:25:18.773 | INFO     | logging:callHandlers:1736 - Added job "租户到期检查" to job store "default"
2026-08-26 22:25:18.775 | INFO     | app.core.ap_scheduler:_handle_job_added:362 - 任务 system_grace_reminder (宽限期续费提醒) 已添加到 default 存储器
2026-08-26 22:25:18.801 | INFO     | app.core.ap_scheduler:_cleanup_obsolete_pending_logs:848 - 清理了任务 system_grace_reminder 的 1 条旧 pending 日志
2026-08-26 22:25:18.828 | INFO     | app.core.ap_scheduler:_create_job_log:886 - 执行日志创建成功: job_id=system_grace_reminder, id=807
2026-08-26 22:25:18.828 | INFO     | app.core.ap_scheduler:_handle_job_added:375 - 任务 system_grace_reminder 已创建初始 pending 状态日志
2026-08-26 22:25:18.830 | INFO     | logging:callHandlers:1736 - Added job "宽限期续费提醒" to job store "default"
2026-08-26 22:25:18.832 | INFO     | app.core.ap_scheduler:_handle_job_added:362 - 任务 system_clean_expired (过期租户归档清理) 已添加到 default 存储器
2026-08-26 22:25:18.860 | INFO     | app.core.ap_scheduler:_cleanup_obsolete_pending_logs:848 - 清理了任务 system_clean_expired 的 1 条旧 pending 日志
2026-08-26 22:25:18.885 | INFO     | app.core.ap_scheduler:_create_job_log:886 - 执行日志创建成功: job_id=system_clean_expired, id=808
2026-08-26 22:25:18.886 | INFO     | app.core.ap_scheduler:_handle_job_added:375 - 任务 system_clean_expired 已创建初始 pending 状态日志
2026-08-26 22:25:18.888 | INFO     | logging:callHandlers:1736 - Added job "过期租户归档清理" to job store "default"
2026-08-26 22:25:18.888 | WARNING  | app.core.ap_scheduler:_register_system_jobs:674 - 订单系统任务导入失败: No module named 'app.api.v1.module_platform.order'
2026-08-26 22:25:18.890 | INFO     | app.core.ap_scheduler:_handle_job_added:362 - 任务 system_cleanup_operation_log (操作日志清理) 已添加到 default 存储器
2026-08-26 22:25:18.926 | INFO     | app.core.ap_scheduler:_cleanup_obsolete_pending_logs:848 - 清理了任务 system_cleanup_operation_log 的 1 条旧 pending 日志
2026-08-26 22:25:18.952 | INFO     | app.core.ap_scheduler:_create_job_log:886 - 执行日志创建成功: job_id=system_cleanup_operation_log, id=809
2026-08-26 22:25:18.953 | INFO     | app.core.ap_scheduler:_handle_job_added:375 - 任务 system_cleanup_operation_log 已创建初始 pending 状态日志
2026-08-26 22:25:18.953 | INFO     | logging:callHandlers:1736 - Added job "操作日志清理" to job store "default"
2026-08-26 22:25:18.953 | INFO     | app.core.ap_scheduler:_register_system_jobs:683 - 系统周期任务已注册 4 个
2026-08-26 22:25:18.954 | INFO     | app.init_app:lifespan:68 - ✅ APScheduler 初始化完成
2026-08-26 22:25:21.005 | INFO     | app.api.v1.module_platform.video.meta_queue:start:106 - MetaFetchQueue started workers=1 recover_on_start=False recovered=0
2026-08-26 22:25:21.009 | INFO     | app.api.v1.module_platform.video.downloader:start:144 - DownloadQueue started workers=2 recovered=0
2026-08-26 22:25:21.016 | INFO     | app.init_app:lifespan:86 - ✅ 视频队列已启动 (meta_recover_on_start=False, ytdlp_subprocess=True)
2026-08-26 22:25:21.044 | INFO     | logging:callHandlers:1736 - Application startup complete.
2026-08-26 22:25:21.050 | INFO     | logging:callHandlers:1736 - Shutting down
2026-08-26 22:25:21.161 | INFO     | logging:callHandlers:1736 - Waiting for application shutdown.
2026-08-26 22:25:21.162 | INFO     | app.api.v1.module_platform.video.meta_queue:stop:125 - MetaFetchQueue stopped
2026-08-26 22:25:21.164 | INFO     | app.api.v1.module_platform.video.downloader:stop:151 - DownloadQueue stopping: 服务关闭
2026-08-26 22:25:21.166 | INFO     | app.api.v1.module_platform.video.downloader:stop:188 - DownloadQueue stopped
2026-08-26 22:25:21.167 | INFO     | logging:callHandlers:1736 - Scheduler has been shut down
2026-08-26 22:25:21.167 | INFO     | app.core.ap_scheduler:_handle_scheduler_shutdown:406 - 调度器已关闭
2026-08-26 22:25:21.167 | INFO     | app.core.ap_scheduler:_update_scheduler_status:511 - 调度器状态变更: 0
2026-08-26 22:25:21.168 | INFO     | app.core.database:redis_connect:201 - ✅️ Redis连接已关闭
2026-08-26 22:25:21.170 | INFO     | logging:callHandlers:1736 - Application shutdown complete.
2026-08-26 22:25:21.170 | INFO     | logging:callHandlers:1736 - Finished server process [5960]
2026-08-26 22:25:23.482 | INFO     | logging:callHandlers:1736 - Started server process [19428]
2026-08-26 22:25:23.483 | INFO     | logging:callHandlers:1736 - Waiting for application startup.
2026-08-26 22:25:23.491 | INFO     | app.scripts.initialize:init_db:119 - sa_system_user 已有数据，跳过 fssoa.sql 导入
2026-08-26 22:25:23.491 | INFO     | app.init_app:lifespan:26 - ✅ mysql数据库初始化完成
2026-08-26 22:25:25.523 | INFO     | app.init_app:lifespan:28 - ✅ 全局事件模块加载完成
2026-08-26 22:25:25.523 | INFO     | app.init_app:lifespan:32 - ✅ fastapi-admin-cache 初始化完成
2026-08-26 22:25:25.526 | WARNING  | app.init_app:lifespan:37 - 演示模式已开启：禁止 POST/PUT/PATCH/DELETE（登录/刷新/登出除外）
2026-08-26 22:25:25.526 | INFO     | app.init_app:lifespan:53 - ✅ 请求限流器初始化完成 (10000次/60秒)
2026-08-26 22:25:25.573 | INFO     | logging:callHandlers:1736 - Scheduler started
2026-08-26 22:25:25.582 | WARNING  | app.core.ap_scheduler:_register_system_jobs:662 - 租户相关系统任务导入失败: invalid syntax (service.py, line 390)
2026-08-26 22:25:25.582 | WARNING  | app.core.ap_scheduler:_register_system_jobs:674 - 订单系统任务导入失败: No module named 'app.api.v1.module_platform.order'
2026-08-26 22:25:27.607 | INFO     | app.core.ap_scheduler:_handle_job_added:362 - 任务 system_cleanup_operation_log (操作日志清理) 已添加到 default 存储器
2026-08-26 22:25:27.659 | INFO     | app.core.ap_scheduler:_cleanup_obsolete_pending_logs:848 - 清理了任务 system_cleanup_operation_log 的 1 条旧 pending 日志
2026-08-26 22:25:27.687 | INFO     | app.core.ap_scheduler:_create_job_log:886 - 执行日志创建成功: job_id=system_cleanup_operation_log, id=810
2026-08-26 22:25:27.688 | INFO     | app.core.ap_scheduler:_handle_job_added:375 - 任务 system_cleanup_operation_log 已创建初始 pending 状态日志
2026-08-26 22:25:27.690 | INFO     | logging:callHandlers:1736 - Added job "操作日志清理" to job store "default"
2026-08-26 22:25:27.690 | INFO     | app.core.ap_scheduler:_register_system_jobs:683 - 系统周期任务已注册 1 个
2026-08-26 22:25:27.690 | INFO     | app.init_app:lifespan:68 - ✅ APScheduler 初始化完成
2026-08-26 22:25:29.722 | INFO     | app.api.v1.module_platform.video.meta_queue:start:106 - MetaFetchQueue started workers=1 recover_on_start=False recovered=0
2026-08-26 22:25:29.726 | INFO     | app.api.v1.module_platform.video.downloader:start:144 - DownloadQueue started workers=2 recovered=0
2026-08-26 22:25:29.734 | INFO     | app.init_app:lifespan:86 - ✅ 视频队列已启动 (meta_recover_on_start=False, ytdlp_subprocess=True)
2026-08-26 22:25:29.763 | INFO     | logging:callHandlers:1736 - Application startup complete.
2026-08-26 22:26:28.933 | WARNING  | logging:callHandlers:1736 - StatReload detected changes in 'app\api\v1\module_platform\tenant\service.py'. Reloading...
2026-08-26 22:26:29.008 | INFO     | logging:callHandlers:1736 - Shutting down
2026-08-26 22:26:29.118 | INFO     | logging:callHandlers:1736 - Waiting for application shutdown.
2026-08-26 22:26:29.118 | INFO     | app.api.v1.module_platform.video.meta_queue:stop:125 - MetaFetchQueue stopped
2026-08-26 22:26:29.118 | INFO     | app.api.v1.module_platform.video.downloader:stop:151 - DownloadQueue stopping: 服务关闭
2026-08-26 22:26:29.120 | INFO     | app.api.v1.module_platform.video.downloader:stop:188 - DownloadQueue stopped
2026-08-26 22:26:29.121 | INFO     | logging:callHandlers:1736 - Scheduler has been shut down
2026-08-26 22:26:29.122 | INFO     | app.core.ap_scheduler:_handle_scheduler_shutdown:406 - 调度器已关闭
2026-08-26 22:26:29.122 | INFO     | app.core.ap_scheduler:_update_scheduler_status:511 - 调度器状态变更: 0
2026-08-26 22:26:29.123 | INFO     | app.core.database:redis_connect:201 - ✅️ Redis连接已关闭
2026-08-26 22:26:29.125 | INFO     | logging:callHandlers:1736 - Application shutdown complete.
2026-08-26 22:26:29.125 | INFO     | logging:callHandlers:1736 - Finished server process [19428]
2026-08-26 22:26:31.445 | INFO     | logging:callHandlers:1736 - Started server process [22276]
2026-08-26 22:26:31.446 | INFO     | logging:callHandlers:1736 - Waiting for application startup.
2026-08-26 22:26:31.452 | INFO     | app.scripts.initialize:init_db:119 - sa_system_user 已有数据，跳过 fssoa.sql 导入
2026-08-26 22:26:31.453 | INFO     | app.init_app:lifespan:26 - ✅ mysql数据库初始化完成
2026-08-26 22:26:33.484 | INFO     | app.init_app:lifespan:28 - ✅ 全局事件模块加载完成
2026-08-26 22:26:33.484 | INFO     | app.init_app:lifespan:32 - ✅ fastapi-admin-cache 初始化完成
2026-08-26 22:26:33.484 | WARNING  | app.init_app:lifespan:37 - 演示模式已开启：禁止 POST/PUT/PATCH/DELETE（登录/刷新/登出除外）
2026-08-26 22:26:33.485 | INFO     | app.init_app:lifespan:53 - ✅ 请求限流器初始化完成 (10000次/60秒)
2026-08-26 22:26:33.534 | INFO     | logging:callHandlers:1736 - Scheduler started
2026-08-26 22:26:35.634 | INFO     | app.core.ap_scheduler:_handle_job_added:362 - 任务 system_tenant_expiry_check (租户到期检查) 已添加到 default 存储器
2026-08-26 22:26:35.693 | INFO     | app.core.ap_scheduler:_cleanup_obsolete_pending_logs:848 - 清理了任务 system_tenant_expiry_check 的 1 条旧 pending 日志
2026-08-26 22:26:35.722 | INFO     | app.core.ap_scheduler:_create_job_log:886 - 执行日志创建成功: job_id=system_tenant_expiry_check, id=811
2026-08-26 22:26:35.722 | INFO     | app.core.ap_scheduler:_handle_job_added:375 - 任务 system_tenant_expiry_check 已创建初始 pending 状态日志
2026-08-26 22:26:35.723 | INFO     | logging:callHandlers:1736 - Added job "租户到期检查" to job store "default"
2026-08-26 22:26:35.725 | INFO     | app.core.ap_scheduler:_handle_job_added:362 - 任务 system_grace_reminder (宽限期续费提醒) 已添加到 default 存储器
2026-08-26 22:26:35.776 | INFO     | app.core.ap_scheduler:_cleanup_obsolete_pending_logs:848 - 清理了任务 system_grace_reminder 的 1 条旧 pending 日志
2026-08-26 22:26:35.842 | INFO     | app.core.ap_scheduler:_create_job_log:886 - 执行日志创建成功: job_id=system_grace_reminder, id=812
2026-08-26 22:26:35.842 | INFO     | app.core.ap_scheduler:_handle_job_added:375 - 任务 system_grace_reminder 已创建初始 pending 状态日志
2026-08-26 22:26:35.842 | INFO     | logging:callHandlers:1736 - Added job "宽限期续费提醒" to job store "default"
2026-08-26 22:26:35.844 | INFO     | app.core.ap_scheduler:_handle_job_added:362 - 任务 system_clean_expired (过期租户归档清理) 已添加到 default 存储器
2026-08-26 22:26:35.868 | INFO     | app.core.ap_scheduler:_cleanup_obsolete_pending_logs:848 - 清理了任务 system_clean_expired 的 1 条旧 pending 日志
2026-08-26 22:26:35.894 | INFO     | app.core.ap_scheduler:_create_job_log:886 - 执行日志创建成功: job_id=system_clean_expired, id=813
2026-08-26 22:26:35.894 | INFO     | app.core.ap_scheduler:_handle_job_added:375 - 任务 system_clean_expired 已创建初始 pending 状态日志
2026-08-26 22:26:35.895 | INFO     | logging:callHandlers:1736 - Added job "过期租户归档清理" to job store "default"
2026-08-26 22:26:35.895 | WARNING  | app.core.ap_scheduler:_register_system_jobs:674 - 订单系统任务导入失败: No module named 'app.api.v1.module_platform.order'
2026-08-26 22:26:35.896 | INFO     | app.core.ap_scheduler:_handle_job_added:362 - 任务 system_cleanup_operation_log (操作日志清理) 已添加到 default 存储器
2026-08-26 22:26:35.918 | INFO     | app.core.ap_scheduler:_cleanup_obsolete_pending_logs:848 - 清理了任务 system_cleanup_operation_log 的 1 条旧 pending 日志
2026-08-26 22:26:35.944 | INFO     | app.core.ap_scheduler:_create_job_log:886 - 执行日志创建成功: job_id=system_cleanup_operation_log, id=814
2026-08-26 22:26:35.944 | INFO     | app.core.ap_scheduler:_handle_job_added:375 - 任务 system_cleanup_operation_log 已创建初始 pending 状态日志
2026-08-26 22:26:35.945 | INFO     | logging:callHandlers:1736 - Added job "操作日志清理" to job store "default"
2026-08-26 22:26:35.945 | INFO     | app.core.ap_scheduler:_register_system_jobs:683 - 系统周期任务已注册 4 个
2026-08-26 22:26:35.945 | INFO     | app.init_app:lifespan:68 - ✅ APScheduler 初始化完成
2026-08-26 22:26:37.980 | INFO     | app.api.v1.module_platform.video.meta_queue:start:106 - MetaFetchQueue started workers=1 recover_on_start=False recovered=0
2026-08-26 22:26:37.983 | INFO     | app.api.v1.module_platform.video.downloader:start:144 - DownloadQueue started workers=2 recovered=0
2026-08-26 22:26:37.989 | INFO     | app.init_app:lifespan:86 - ✅ 视频队列已启动 (meta_recover_on_start=False, ytdlp_subprocess=True)
2026-08-26 22:26:38.017 | INFO     | logging:callHandlers:1736 - Application startup complete.
2026-08-26 22:26:44.605 | WARNING  | logging:callHandlers:1736 - StatReload detected changes in 'app\api\v1\module_platform\tenant\service.py'. Reloading...
2026-08-26 22:26:44.629 | INFO     | logging:callHandlers:1736 - Shutting down
2026-08-26 22:26:44.737 | INFO     | logging:callHandlers:1736 - Waiting for application shutdown.
2026-08-26 22:26:44.737 | INFO     | app.api.v1.module_platform.video.meta_queue:stop:125 - MetaFetchQueue stopped
2026-08-26 22:26:44.737 | INFO     | app.api.v1.module_platform.video.downloader:stop:151 - DownloadQueue stopping: 服务关闭
2026-08-26 22:26:44.740 | INFO     | app.api.v1.module_platform.video.downloader:stop:188 - DownloadQueue stopped
2026-08-26 22:26:44.741 | INFO     | logging:callHandlers:1736 - Scheduler has been shut down
2026-08-26 22:26:44.741 | INFO     | app.core.ap_scheduler:_handle_scheduler_shutdown:406 - 调度器已关闭
2026-08-26 22:26:44.742 | INFO     | app.core.ap_scheduler:_update_scheduler_status:511 - 调度器状态变更: 0
2026-08-26 22:26:44.742 | INFO     | app.core.database:redis_connect:201 - ✅️ Redis连接已关闭
2026-08-26 22:26:44.744 | INFO     | logging:callHandlers:1736 - Application shutdown complete.
2026-08-26 22:26:44.745 | INFO     | logging:callHandlers:1736 - Finished server process [22276]
2026-08-26 22:26:47.032 | INFO     | logging:callHandlers:1736 - Started server process [4840]
2026-08-26 22:26:47.033 | INFO     | logging:callHandlers:1736 - Waiting for application startup.
2026-08-26 22:26:47.039 | INFO     | app.scripts.initialize:init_db:119 - sa_system_user 已有数据，跳过 fssoa.sql 导入
2026-08-26 22:26:47.040 | INFO     | app.init_app:lifespan:26 - ✅ mysql数据库初始化完成
2026-08-26 22:26:49.058 | INFO     | app.init_app:lifespan:28 - ✅ 全局事件模块加载完成
2026-08-26 22:26:49.058 | INFO     | app.init_app:lifespan:32 - ✅ fastapi-admin-cache 初始化完成
2026-08-26 22:26:49.058 | WARNING  | app.init_app:lifespan:37 - 演示模式已开启：禁止 POST/PUT/PATCH/DELETE（登录/刷新/登出除外）
2026-08-26 22:26:49.059 | INFO     | app.init_app:lifespan:53 - ✅ 请求限流器初始化完成 (10000次/60秒)
2026-08-26 22:26:49.107 | INFO     | logging:callHandlers:1736 - Scheduler started
2026-08-26 22:26:51.169 | INFO     | app.core.ap_scheduler:_handle_job_added:362 - 任务 system_tenant_expiry_check (租户到期检查) 已添加到 default 存储器
2026-08-26 22:26:51.225 | INFO     | app.core.ap_scheduler:_cleanup_obsolete_pending_logs:848 - 清理了任务 system_tenant_expiry_check 的 1 条旧 pending 日志
2026-08-26 22:26:51.252 | INFO     | app.core.ap_scheduler:_create_job_log:886 - 执行日志创建成功: job_id=system_tenant_expiry_check, id=815
2026-08-26 22:26:51.253 | INFO     | app.core.ap_scheduler:_handle_job_added:375 - 任务 system_tenant_expiry_check 已创建初始 pending 状态日志
2026-08-26 22:26:51.253 | INFO     | logging:callHandlers:1736 - Added job "租户到期检查" to job store "default"
2026-08-26 22:26:51.255 | INFO     | app.core.ap_scheduler:_handle_job_added:362 - 任务 system_grace_reminder (宽限期续费提醒) 已添加到 default 存储器
2026-08-26 22:26:51.283 | INFO     | app.core.ap_scheduler:_cleanup_obsolete_pending_logs:848 - 清理了任务 system_grace_reminder 的 1 条旧 pending 日志
2026-08-26 22:26:51.309 | INFO     | app.core.ap_scheduler:_create_job_log:886 - 执行日志创建成功: job_id=system_grace_reminder, id=816
2026-08-26 22:26:51.309 | INFO     | app.core.ap_scheduler:_handle_job_added:375 - 任务 system_grace_reminder 已创建初始 pending 状态日志
2026-08-26 22:26:51.309 | INFO     | logging:callHandlers:1736 - Added job "宽限期续费提醒" to job store "default"
2026-08-26 22:26:51.312 | INFO     | app.core.ap_scheduler:_handle_job_added:362 - 任务 system_clean_expired (过期租户归档清理) 已添加到 default 存储器
2026-08-26 22:26:51.333 | INFO     | app.core.ap_scheduler:_cleanup_obsolete_pending_logs:848 - 清理了任务 system_clean_expired 的 1 条旧 pending 日志
2026-08-26 22:26:51.359 | INFO     | app.core.ap_scheduler:_create_job_log:886 - 执行日志创建成功: job_id=system_clean_expired, id=817
2026-08-26 22:26:51.359 | INFO     | app.core.ap_scheduler:_handle_job_added:375 - 任务 system_clean_expired 已创建初始 pending 状态日志
2026-08-26 22:26:51.360 | INFO     | logging:callHandlers:1736 - Added job "过期租户归档清理" to job store "default"
2026-08-26 22:26:51.360 | WARNING  | app.core.ap_scheduler:_register_system_jobs:674 - 订单系统任务导入失败: No module named 'app.api.v1.module_platform.order'
2026-08-26 22:26:51.362 | INFO     | app.core.ap_scheduler:_handle_job_added:362 - 任务 system_cleanup_operation_log (操作日志清理) 已添加到 default 存储器
2026-08-26 22:26:51.383 | INFO     | app.core.ap_scheduler:_cleanup_obsolete_pending_logs:848 - 清理了任务 system_cleanup_operation_log 的 1 条旧 pending 日志
2026-08-26 22:26:51.409 | INFO     | app.core.ap_scheduler:_create_job_log:886 - 执行日志创建成功: job_id=system_cleanup_operation_log, id=818
2026-08-26 22:26:51.409 | INFO     | app.core.ap_scheduler:_handle_job_added:375 - 任务 system_cleanup_operation_log 已创建初始 pending 状态日志
2026-08-26 22:26:51.410 | INFO     | logging:callHandlers:1736 - Added job "操作日志清理" to job store "default"
2026-08-26 22:26:51.410 | INFO     | app.core.ap_scheduler:_register_system_jobs:683 - 系统周期任务已注册 4 个
2026-08-26 22:26:51.410 | INFO     | app.init_app:lifespan:68 - ✅ APScheduler 初始化完成
2026-08-26 22:26:53.458 | INFO     | app.api.v1.module_platform.video.meta_queue:start:106 - MetaFetchQueue started workers=1 recover_on_start=False recovered=0
2026-08-26 22:26:53.461 | INFO     | app.api.v1.module_platform.video.downloader:start:144 - DownloadQueue started workers=2 recovered=0
2026-08-26 22:26:53.467 | INFO     | app.init_app:lifespan:86 - ✅ 视频队列已启动 (meta_recover_on_start=False, ytdlp_subprocess=True)
2026-08-26 22:26:53.500 | INFO     | logging:callHandlers:1736 - Application startup complete.
2026-08-26 22:27:00.314 | WARNING  | logging:callHandlers:1736 - StatReload detected changes in 'app\core\ap_scheduler.py'. Reloading...
2026-08-26 22:27:00.355 | INFO     | logging:callHandlers:1736 - Shutting down
2026-08-26 22:27:00.466 | INFO     | logging:callHandlers:1736 - Waiting for application shutdown.
2026-08-26 22:27:00.466 | INFO     | app.api.v1.module_platform.video.meta_queue:stop:125 - MetaFetchQueue stopped
2026-08-26 22:27:00.467 | INFO     | app.api.v1.module_platform.video.downloader:stop:151 - DownloadQueue stopping: 服务关闭
2026-08-26 22:27:00.470 | INFO     | app.api.v1.module_platform.video.downloader:stop:188 - DownloadQueue stopped
2026-08-26 22:27:00.471 | INFO     | logging:callHandlers:1736 - Scheduler has been shut down
2026-08-26 22:27:00.472 | INFO     | app.core.ap_scheduler:_handle_scheduler_shutdown:406 - 调度器已关闭
2026-08-26 22:27:00.472 | INFO     | app.core.ap_scheduler:_update_scheduler_status:511 - 调度器状态变更: 0
2026-08-26 22:27:00.473 | INFO     | app.core.database:redis_connect:201 - ✅️ Redis连接已关闭
2026-08-26 22:27:00.474 | INFO     | logging:callHandlers:1736 - Application shutdown complete.
2026-08-26 22:27:00.475 | INFO     | logging:callHandlers:1736 - Finished server process [4840]
2026-08-26 22:27:02.656 | INFO     | logging:callHandlers:1736 - Started server process [26944]
2026-08-26 22:27:02.656 | INFO     | logging:callHandlers:1736 - Waiting for application startup.
2026-08-26 22:27:02.662 | INFO     | app.scripts.initialize:init_db:119 - sa_system_user 已有数据，跳过 fssoa.sql 导入
2026-08-26 22:27:02.663 | INFO     | app.init_app:lifespan:26 - ✅ mysql数据库初始化完成
2026-08-26 22:27:04.691 | INFO     | app.init_app:lifespan:28 - ✅ 全局事件模块加载完成
2026-08-26 22:27:04.691 | INFO     | app.init_app:lifespan:32 - ✅ fastapi-admin-cache 初始化完成
2026-08-26 22:27:04.692 | WARNING  | app.init_app:lifespan:37 - 演示模式已开启：禁止 POST/PUT/PATCH/DELETE（登录/刷新/登出除外）
2026-08-26 22:27:04.692 | INFO     | app.init_app:lifespan:53 - ✅ 请求限流器初始化完成 (10000次/60秒)
2026-08-26 22:27:04.741 | INFO     | logging:callHandlers:1736 - Scheduler started
2026-08-26 22:27:04.820 | WARNING  | logging:callHandlers:1736 - StatReload detected changes in 'app\api\v1\module_platform\tenant\controller.py'. Reloading...
2026-08-26 22:27:06.826 | INFO     | app.core.ap_scheduler:_handle_job_added:362 - 任务 system_tenant_expiry_check (租户到期检查) 已添加到 default 存储器
2026-08-26 22:27:06.881 | INFO     | app.core.ap_scheduler:_cleanup_obsolete_pending_logs:836 - 清理了任务 system_tenant_expiry_check 的 1 条旧 pending 日志
2026-08-26 22:27:06.910 | INFO     | app.core.ap_scheduler:_create_job_log:874 - 执行日志创建成功: job_id=system_tenant_expiry_check, id=819
2026-08-26 22:27:06.910 | INFO     | app.core.ap_scheduler:_handle_job_added:375 - 任务 system_tenant_expiry_check 已创建初始 pending 状态日志
2026-08-26 22:27:06.911 | INFO     | logging:callHandlers:1736 - Added job "租户到期检查" to job store "default"
2026-08-26 22:27:06.912 | INFO     | app.core.ap_scheduler:_handle_job_added:362 - 任务 system_grace_reminder (宽限期续费提醒) 已添加到 default 存储器
2026-08-26 22:27:06.939 | INFO     | app.core.ap_scheduler:_cleanup_obsolete_pending_logs:836 - 清理了任务 system_grace_reminder 的 1 条旧 pending 日志
2026-08-26 22:27:06.966 | INFO     | app.core.ap_scheduler:_create_job_log:874 - 执行日志创建成功: job_id=system_grace_reminder, id=820
2026-08-26 22:27:06.967 | INFO     | app.core.ap_scheduler:_handle_job_added:375 - 任务 system_grace_reminder 已创建初始 pending 状态日志
2026-08-26 22:27:06.967 | INFO     | logging:callHandlers:1736 - Added job "宽限期续费提醒" to job store "default"
2026-08-26 22:27:06.968 | INFO     | app.core.ap_scheduler:_handle_job_added:362 - 任务 system_clean_expired (过期租户归档清理) 已添加到 default 存储器
2026-08-26 22:27:06.989 | INFO     | app.core.ap_scheduler:_cleanup_obsolete_pending_logs:836 - 清理了任务 system_clean_expired 的 1 条旧 pending 日志
2026-08-26 22:27:07.016 | INFO     | app.core.ap_scheduler:_create_job_log:874 - 执行日志创建成功: job_id=system_clean_expired, id=821
2026-08-26 22:27:07.016 | INFO     | app.core.ap_scheduler:_handle_job_added:375 - 任务 system_clean_expired 已创建初始 pending 状态日志
2026-08-26 22:27:07.017 | INFO     | logging:callHandlers:1736 - Added job "过期租户归档清理" to job store "default"
2026-08-26 22:27:07.018 | INFO     | app.core.ap_scheduler:_handle_job_added:362 - 任务 system_cleanup_operation_log (操作日志清理) 已添加到 default 存储器
2026-08-26 22:27:07.039 | INFO     | app.core.ap_scheduler:_cleanup_obsolete_pending_logs:836 - 清理了任务 system_cleanup_operation_log 的 1 条旧 pending 日志
2026-08-26 22:27:07.066 | INFO     | app.core.ap_scheduler:_create_job_log:874 - 执行日志创建成功: job_id=system_cleanup_operation_log, id=822
2026-08-26 22:27:07.066 | INFO     | app.core.ap_scheduler:_handle_job_added:375 - 任务 system_cleanup_operation_log 已创建初始 pending 状态日志
2026-08-26 22:27:07.067 | INFO     | logging:callHandlers:1736 - Added job "操作日志清理" to job store "default"
2026-08-26 22:27:07.068 | INFO     | app.core.ap_scheduler:_register_system_jobs:671 - 系统周期任务已注册 4 个
2026-08-26 22:27:07.068 | INFO     | app.init_app:lifespan:68 - ✅ APScheduler 初始化完成
2026-08-26 22:27:09.121 | INFO     | app.api.v1.module_platform.video.meta_queue:start:106 - MetaFetchQueue started workers=1 recover_on_start=False recovered=0
2026-08-26 22:27:09.125 | INFO     | app.api.v1.module_platform.video.downloader:start:144 - DownloadQueue started workers=2 recovered=0
2026-08-26 22:27:09.132 | INFO     | app.init_app:lifespan:86 - ✅ 视频队列已启动 (meta_recover_on_start=False, ytdlp_subprocess=True)
2026-08-26 22:27:09.182 | INFO     | logging:callHandlers:1736 - Application startup complete.
2026-08-26 22:27:09.184 | INFO     | logging:callHandlers:1736 - Shutting down
2026-08-26 22:27:09.292 | INFO     | logging:callHandlers:1736 - Waiting for application shutdown.
2026-08-26 22:27:09.293 | INFO     | app.api.v1.module_platform.video.meta_queue:stop:125 - MetaFetchQueue stopped
2026-08-26 22:27:09.294 | INFO     | app.api.v1.module_platform.video.downloader:stop:151 - DownloadQueue stopping: 服务关闭
2026-08-26 22:27:09.297 | INFO     | app.api.v1.module_platform.video.downloader:stop:188 - DownloadQueue stopped
2026-08-26 22:27:09.299 | INFO     | logging:callHandlers:1736 - Scheduler has been shut down
2026-08-26 22:27:09.300 | INFO     | app.core.ap_scheduler:_handle_scheduler_shutdown:406 - 调度器已关闭
2026-08-26 22:27:09.300 | INFO     | app.core.ap_scheduler:_update_scheduler_status:511 - 调度器状态变更: 0
2026-08-26 22:27:09.301 | INFO     | app.core.database:redis_connect:201 - ✅️ Redis连接已关闭
2026-08-26 22:27:09.305 | INFO     | logging:callHandlers:1736 - Application shutdown complete.
2026-08-26 22:27:09.305 | INFO     | logging:callHandlers:1736 - Finished server process [26944]
2026-08-26 22:27:12.859 | INFO     | logging:callHandlers:1736 - Started server process [28988]
2026-08-26 22:27:12.861 | INFO     | logging:callHandlers:1736 - Waiting for application startup.
2026-08-26 22:27:12.867 | INFO     | app.scripts.initialize:init_db:119 - sa_system_user 已有数据，跳过 fssoa.sql 导入
2026-08-26 22:27:12.868 | INFO     | app.init_app:lifespan:26 - ✅ mysql数据库初始化完成
2026-08-26 22:27:14.901 | INFO     | app.init_app:lifespan:28 - ✅ 全局事件模块加载完成
2026-08-26 22:27:14.901 | INFO     | app.init_app:lifespan:32 - ✅ fastapi-admin-cache 初始化完成
2026-08-26 22:27:14.902 | WARNING  | app.init_app:lifespan:37 - 演示模式已开启：禁止 POST/PUT/PATCH/DELETE（登录/刷新/登出除外）
2026-08-26 22:27:14.902 | INFO     | app.init_app:lifespan:53 - ✅ 请求限流器初始化完成 (10000次/60秒)
2026-08-26 22:27:14.951 | INFO     | logging:callHandlers:1736 - Scheduler started
2026-08-26 22:27:17.001 | INFO     | app.core.ap_scheduler:_handle_job_added:362 - 任务 system_tenant_expiry_check (租户到期检查) 已添加到 default 存储器
2026-08-26 22:27:17.275 | INFO     | app.core.ap_scheduler:_cleanup_obsolete_pending_logs:836 - 清理了任务 system_tenant_expiry_check 的 1 条旧 pending 日志
2026-08-26 22:27:17.301 | INFO     | app.core.ap_scheduler:_create_job_log:874 - 执行日志创建成功: job_id=system_tenant_expiry_check, id=823
2026-08-26 22:27:17.302 | INFO     | app.core.ap_scheduler:_handle_job_added:375 - 任务 system_tenant_expiry_check 已创建初始 pending 状态日志
2026-08-26 22:27:17.302 | INFO     | logging:callHandlers:1736 - Added job "租户到期检查" to job store "default"
2026-08-26 22:27:17.305 | INFO     | app.core.ap_scheduler:_handle_job_added:362 - 任务 system_grace_reminder (宽限期续费提醒) 已添加到 default 存储器
2026-08-26 22:27:17.330 | INFO     | app.core.ap_scheduler:_cleanup_obsolete_pending_logs:836 - 清理了任务 system_grace_reminder 的 1 条旧 pending 日志
2026-08-26 22:27:17.356 | INFO     | app.core.ap_scheduler:_create_job_log:874 - 执行日志创建成功: job_id=system_grace_reminder, id=824
2026-08-26 22:27:17.358 | INFO     | app.core.ap_scheduler:_handle_job_added:375 - 任务 system_grace_reminder 已创建初始 pending 状态日志
2026-08-26 22:27:17.358 | INFO     | logging:callHandlers:1736 - Added job "宽限期续费提醒" to job store "default"
2026-08-26 22:27:17.368 | INFO     | app.core.ap_scheduler:_handle_job_added:362 - 任务 system_clean_expired (过期租户归档清理) 已添加到 default 存储器
2026-08-26 22:27:17.396 | INFO     | app.core.ap_scheduler:_cleanup_obsolete_pending_logs:836 - 清理了任务 system_clean_expired 的 1 条旧 pending 日志
2026-08-26 22:27:17.432 | INFO     | app.core.ap_scheduler:_create_job_log:874 - 执行日志创建成功: job_id=system_clean_expired, id=825
2026-08-26 22:27:17.439 | INFO     | app.core.ap_scheduler:_handle_job_added:375 - 任务 system_clean_expired 已创建初始 pending 状态日志
2026-08-26 22:27:17.440 | INFO     | logging:callHandlers:1736 - Added job "过期租户归档清理" to job store "default"
2026-08-26 22:27:17.443 | INFO     | app.core.ap_scheduler:_handle_job_added:362 - 任务 system_cleanup_operation_log (操作日志清理) 已添加到 default 存储器
2026-08-26 22:27:17.471 | INFO     | app.core.ap_scheduler:_cleanup_obsolete_pending_logs:836 - 清理了任务 system_cleanup_operation_log 的 1 条旧 pending 日志
2026-08-26 22:27:17.531 | INFO     | app.core.ap_scheduler:_create_job_log:874 - 执行日志创建成功: job_id=system_cleanup_operation_log, id=826
2026-08-26 22:27:17.547 | INFO     | app.core.ap_scheduler:_handle_job_added:375 - 任务 system_cleanup_operation_log 已创建初始 pending 状态日志
2026-08-26 22:27:17.549 | INFO     | logging:callHandlers:1736 - Added job "操作日志清理" to job store "default"
2026-08-26 22:27:17.549 | INFO     | app.core.ap_scheduler:_register_system_jobs:671 - 系统周期任务已注册 4 个
2026-08-26 22:27:17.549 | INFO     | app.init_app:lifespan:68 - ✅ APScheduler 初始化完成
2026-08-26 22:27:19.685 | INFO     | app.api.v1.module_platform.video.meta_queue:start:106 - MetaFetchQueue started workers=1 recover_on_start=False recovered=0
2026-08-26 22:27:19.689 | INFO     | app.api.v1.module_platform.video.downloader:start:144 - DownloadQueue started workers=2 recovered=0
2026-08-26 22:27:19.765 | INFO     | app.init_app:lifespan:86 - ✅ 视频队列已启动 (meta_recover_on_start=False, ytdlp_subprocess=True)
2026-08-26 22:27:19.820 | INFO     | logging:callHandlers:1736 - Application startup complete.
2026-08-26 22:27:41.980 | WARNING  | logging:callHandlers:1736 - StatReload detected changes in 'app\api\v1\module_platform\tenant\service.py'. Reloading...
2026-08-26 22:27:42.043 | INFO     | logging:callHandlers:1736 - Shutting down
2026-08-26 22:27:42.154 | INFO     | logging:callHandlers:1736 - Waiting for application shutdown.
2026-08-26 22:27:42.162 | INFO     | app.api.v1.module_platform.video.meta_queue:stop:125 - MetaFetchQueue stopped
2026-08-26 22:27:42.162 | INFO     | app.api.v1.module_platform.video.downloader:stop:151 - DownloadQueue stopping: 服务关闭
2026-08-26 22:27:42.169 | INFO     | app.api.v1.module_platform.video.downloader:stop:188 - DownloadQueue stopped
2026-08-26 22:27:42.173 | INFO     | logging:callHandlers:1736 - Scheduler has been shut down
2026-08-26 22:27:42.174 | INFO     | app.core.ap_scheduler:_handle_scheduler_shutdown:406 - 调度器已关闭
2026-08-26 22:27:42.175 | INFO     | app.core.ap_scheduler:_update_scheduler_status:511 - 调度器状态变更: 0
2026-08-26 22:27:42.177 | INFO     | app.core.database:redis_connect:201 - ✅️ Redis连接已关闭
2026-08-26 22:27:42.201 | INFO     | logging:callHandlers:1736 - Application shutdown complete.
2026-08-26 22:27:42.204 | INFO     | logging:callHandlers:1736 - Finished server process [28988]
2026-08-26 22:27:47.074 | INFO     | logging:callHandlers:1736 - Started server process [4628]
2026-08-26 22:27:47.091 | INFO     | logging:callHandlers:1736 - Waiting for application startup.
2026-08-26 22:27:47.100 | INFO     | app.scripts.initialize:init_db:119 - sa_system_user 已有数据，跳过 fssoa.sql 导入
2026-08-26 22:27:47.101 | INFO     | app.init_app:lifespan:26 - ✅ mysql数据库初始化完成
2026-08-26 22:27:49.171 | INFO     | app.init_app:lifespan:28 - ✅ 全局事件模块加载完成
2026-08-26 22:27:49.173 | INFO     | app.init_app:lifespan:32 - ✅ fastapi-admin-cache 初始化完成
2026-08-26 22:27:49.174 | WARNING  | app.init_app:lifespan:37 - 演示模式已开启：禁止 POST/PUT/PATCH/DELETE（登录/刷新/登出除外）
2026-08-26 22:27:49.175 | INFO     | app.init_app:lifespan:53 - ✅ 请求限流器初始化完成 (10000次/60秒)
2026-08-26 22:27:49.205 | INFO     | logging:callHandlers:1736 - Scheduler started
2026-08-26 22:27:51.322 | INFO     | app.core.ap_scheduler:_handle_job_added:362 - 任务 system_tenant_expiry_check (租户到期检查) 已添加到 default 存储器
2026-08-26 22:27:51.393 | INFO     | app.core.ap_scheduler:_cleanup_obsolete_pending_logs:836 - 清理了任务 system_tenant_expiry_check 的 1 条旧 pending 日志
2026-08-26 22:27:51.422 | INFO     | app.core.ap_scheduler:_create_job_log:874 - 执行日志创建成功: job_id=system_tenant_expiry_check, id=827
2026-08-26 22:27:51.422 | INFO     | app.core.ap_scheduler:_handle_job_added:375 - 任务 system_tenant_expiry_check 已创建初始 pending 状态日志
2026-08-26 22:27:51.423 | INFO     | logging:callHandlers:1736 - Added job "租户到期检查" to job store "default"
2026-08-26 22:27:51.426 | INFO     | app.core.ap_scheduler:_handle_job_added:362 - 任务 system_grace_reminder (宽限期续费提醒) 已添加到 default 存储器
2026-08-26 22:27:51.451 | INFO     | app.core.ap_scheduler:_cleanup_obsolete_pending_logs:836 - 清理了任务 system_grace_reminder 的 1 条旧 pending 日志
2026-08-26 22:27:51.482 | INFO     | app.core.ap_scheduler:_create_job_log:874 - 执行日志创建成功: job_id=system_grace_reminder, id=828
2026-08-26 22:27:51.485 | INFO     | app.core.ap_scheduler:_handle_job_added:375 - 任务 system_grace_reminder 已创建初始 pending 状态日志
2026-08-26 22:27:51.487 | INFO     | logging:callHandlers:1736 - Added job "宽限期续费提醒" to job store "default"
2026-08-26 22:27:51.489 | INFO     | app.core.ap_scheduler:_handle_job_added:362 - 任务 system_clean_expired (过期租户归档清理) 已添加到 default 存储器
2026-08-26 22:27:51.519 | INFO     | app.core.ap_scheduler:_cleanup_obsolete_pending_logs:836 - 清理了任务 system_clean_expired 的 1 条旧 pending 日志
2026-08-26 22:27:51.569 | INFO     | app.core.ap_scheduler:_create_job_log:874 - 执行日志创建成功: job_id=system_clean_expired, id=829
2026-08-26 22:27:51.570 | INFO     | app.core.ap_scheduler:_handle_job_added:375 - 任务 system_clean_expired 已创建初始 pending 状态日志
2026-08-26 22:27:51.570 | INFO     | logging:callHandlers:1736 - Added job "过期租户归档清理" to job store "default"
2026-08-26 22:27:51.572 | INFO     | app.core.ap_scheduler:_handle_job_added:362 - 任务 system_cleanup_operation_log (操作日志清理) 已添加到 default 存储器
2026-08-26 22:27:51.593 | INFO     | app.core.ap_scheduler:_cleanup_obsolete_pending_logs:836 - 清理了任务 system_cleanup_operation_log 的 1 条旧 pending 日志
2026-08-26 22:27:51.619 | INFO     | app.core.ap_scheduler:_create_job_log:874 - 执行日志创建成功: job_id=system_cleanup_operation_log, id=830
2026-08-26 22:27:51.620 | INFO     | app.core.ap_scheduler:_handle_job_added:375 - 任务 system_cleanup_operation_log 已创建初始 pending 状态日志
2026-08-26 22:27:51.621 | INFO     | logging:callHandlers:1736 - Added job "操作日志清理" to job store "default"
2026-08-26 22:27:51.622 | INFO     | app.core.ap_scheduler:_register_system_jobs:671 - 系统周期任务已注册 4 个
2026-08-26 22:27:51.622 | INFO     | app.init_app:lifespan:68 - ✅ APScheduler 初始化完成
2026-08-26 22:27:53.677 | INFO     | app.api.v1.module_platform.video.meta_queue:start:106 - MetaFetchQueue started workers=1 recover_on_start=False recovered=0
2026-08-26 22:27:53.682 | INFO     | app.api.v1.module_platform.video.downloader:start:144 - DownloadQueue started workers=2 recovered=0
2026-08-26 22:27:53.688 | INFO     | app.init_app:lifespan:86 - ✅ 视频队列已启动 (meta_recover_on_start=False, ytdlp_subprocess=True)
2026-08-26 22:27:53.725 | INFO     | logging:callHandlers:1736 - Application startup complete.
2026-08-26 22:28:55.517 | INFO     | app.core.middlewares:dispatch:88 - 请求: POST /api/core/refresh | client=127.0.0.1
2026-08-26 22:28:55.610 | INFO     | app.core.middlewares:dispatch:88 - 请求: GET /api/core/system/user | client=127.0.0.1
2026-08-26 22:28:57.653 | ERROR    | app.core.exceptions:custom_exception_handler:55 - [自定义异常] GET /api/core/system/user | source=C:\Users\Administrator\Desktop\fssadmin_nestjs\FastAdmin\FssAdmin_Python\server\app\core\dependencies.py:61:get_current_user | code=401 | msg=认证已失效 | data=None | cid=680638d7
2026-08-26 22:28:57.654 | INFO     | app.core.middlewares:dispatch:100 - 响应: 401 | 2044.1ms
2026-08-26 22:28:57.655 | INFO     | logging:callHandlers:1736 - 127.0.0.1:45975 - "GET /api/core/system/user HTTP/1.1" 401
2026-08-26 22:28:57.655 | INFO     | app.core.middlewares:dispatch:100 - 响应: 401 | 2137.9ms
2026-08-26 22:28:57.658 | INFO     | logging:callHandlers:1736 - 127.0.0.1:45973 - "POST /api/core/refresh HTTP/1.1" 401
2026-08-26 22:28:58.265 | INFO     | app.core.middlewares:dispatch:88 - 请求: POST /api/core/refresh | client=127.0.0.1
2026-08-26 22:28:58.269 | INFO     | app.core.middlewares:dispatch:100 - 响应: 401 | 3.8ms
2026-08-26 22:28:58.270 | INFO     | logging:callHandlers:1736 - 127.0.0.1:36964 - "POST /api/core/refresh HTTP/1.1" 401
2026-08-26 22:28:58.279 | INFO     | app.core.middlewares:dispatch:88 - 请求: GET /api/core/system/user | client=127.0.0.1
2026-08-26 22:28:58.286 | ERROR    | app.core.exceptions:custom_exception_handler:55 - [自定义异常] GET /api/core/system/user | source=C:\Users\Administrator\Desktop\fssadmin_nestjs\FastAdmin\FssAdmin_Python\server\app\core\dependencies.py:61:get_current_user | code=401 | msg=认证已失效 | data=None | cid=f51e1211
2026-08-26 22:28:58.287 | INFO     | app.core.middlewares:dispatch:100 - 响应: 401 | 7.7ms
2026-08-26 22:28:58.287 | INFO     | logging:callHandlers:1736 - 127.0.0.1:36966 - "GET /api/core/system/user HTTP/1.1" 401
2026-08-26 22:28:58.849 | INFO     | app.core.middlewares:dispatch:88 - 请求: POST /api/core/logout | client=127.0.0.1
2026-08-26 22:28:58.853 | ERROR    | app.core.exceptions:custom_exception_handler:55 - [自定义异常] POST /api/core/logout | source=C:\Users\Administrator\Desktop\fssadmin_nestjs\FastAdmin\FssAdmin_Python\server\app\core\security.py:54:__call__ | code=401 | msg=认证失败,请登录后再试 | data=None | cid=f2edec8b
2026-08-26 22:28:58.854 | INFO     | app.core.middlewares:dispatch:100 - 响应: 401 | 5.1ms
2026-08-26 22:28:58.855 | INFO     | logging:callHandlers:1736 - 127.0.0.1:26046 - "POST /api/core/logout HTTP/1.1" 401
2026-08-26 22:28:59.077 | INFO     | app.core.middlewares:dispatch:88 - 请求: GET /api/core/config/public/site_name | client=127.0.0.1
2026-08-26 22:28:59.078 | INFO     | app.core.middlewares:dispatch:88 - 请求: GET /api/core/captcha | client=127.0.0.1
2026-08-26 22:28:59.081 | INFO     | app.core.middlewares:dispatch:88 - 请求: GET /api/core/tenants-by-username | client=127.0.0.1
2026-08-26 22:28:59.494 | INFO     | app.core.middlewares:dispatch:100 - 响应: 200 | 417.2ms
2026-08-26 22:28:59.495 | INFO     | logging:callHandlers:1736 - 127.0.0.1:34313 - "GET /api/core/config/public/site_name HTTP/1.1" 200
2026-08-26 22:29:01.462 | INFO     | app.core.middlewares:dispatch:100 - 响应: 200 | 2384.2ms
2026-08-26 22:29:01.463 | INFO     | logging:callHandlers:1736 - 127.0.0.1:34314 - "GET /api/core/captcha HTTP/1.1" 200
2026-08-26 22:29:01.514 | INFO     | app.core.middlewares:dispatch:100 - 响应: 200 | 2433.3ms
2026-08-26 22:29:01.515 | INFO     | logging:callHandlers:1736 - 127.0.0.1:34315 - "GET /api/core/tenants-by-username?username=admin HTTP/1.1" 200
2026-08-26 22:29:06.589 | INFO     | app.core.middlewares:dispatch:88 - 请求: POST /api/core/login | client=127.0.0.1
2026-08-26 22:29:06.815 | INFO     | app.core.middlewares:dispatch:100 - 响应: 200 | 225.5ms
2026-08-26 22:29:06.815 | INFO     | logging:callHandlers:1736 - 127.0.0.1:31334 - "POST /api/core/login HTTP/1.1" 200
2026-08-26 22:29:06.822 | INFO     | app.core.middlewares:dispatch:88 - 请求: GET /api/core/system/user | client=127.0.0.1
2026-08-26 22:29:06.835 | INFO     | app.core.middlewares:dispatch:100 - 响应: 200 | 13.2ms
2026-08-26 22:29:06.836 | INFO     | logging:callHandlers:1736 - 127.0.0.1:31336 - "GET /api/core/system/user HTTP/1.1" 200
2026-08-26 22:29:06.841 | INFO     | app.core.middlewares:dispatch:88 - 请求: GET /api/core/captcha | client=127.0.0.1
2026-08-26 22:29:06.850 | INFO     | app.core.middlewares:dispatch:100 - 响应: 200 | 8.9ms
2026-08-26 22:29:06.851 | INFO     | logging:callHandlers:1736 - 127.0.0.1:31338 - "GET /api/core/captcha HTTP/1.1" 200
2026-08-26 22:29:07.151 | INFO     | app.core.middlewares:dispatch:88 - 请求: GET /api/core/system/user | client=127.0.0.1
2026-08-26 22:29:07.159 | INFO     | app.core.middlewares:dispatch:100 - 响应: 200 | 8.3ms
2026-08-26 22:29:07.160 | INFO     | logging:callHandlers:1736 - 127.0.0.1:31857 - "GET /api/core/system/user HTTP/1.1" 200
2026-08-26 22:29:07.482 | INFO     | app.core.middlewares:dispatch:88 - 请求: GET /api/core/system/dictAll | client=127.0.0.1
2026-08-26 22:29:07.565 | INFO     | app.core.middlewares:dispatch:100 - 响应: 200 | 82.4ms
2026-08-26 22:29:07.565 | INFO     | logging:callHandlers:1736 - 127.0.0.1:26843 - "GET /api/core/system/dictAll HTTP/1.1" 200
2026-08-26 22:29:07.734 | INFO     | app.core.middlewares:dispatch:88 - 请求: GET /api/core/system/menu | client=127.0.0.1
2026-08-26 22:29:07.757 | INFO     | app.core.middlewares:dispatch:100 - 响应: 200 | 22.9ms
2026-08-26 22:29:07.758 | INFO     | logging:callHandlers:1736 - 127.0.0.1:20302 - "GET /api/core/system/menu HTTP/1.1" 200
2026-08-26 22:29:15.796 | INFO     | app.core.middlewares:dispatch:88 - 请求: GET /api/core/system/user | client=127.0.0.1
2026-08-26 22:29:15.880 | INFO     | app.core.middlewares:dispatch:100 - 响应: 200 | 85.1ms
2026-08-26 22:29:15.908 | INFO     | logging:callHandlers:1736 - 127.0.0.1:11106 - "GET /api/core/system/user HTTP/1.1" 200
2026-08-26 22:29:15.920 | INFO     | app.core.middlewares:dispatch:88 - 请求: GET /api/core/system/dictAll | client=127.0.0.1
2026-08-26 22:29:15.970 | INFO     | app.core.middlewares:dispatch:100 - 响应: 200 | 49.7ms
2026-08-26 22:29:15.970 | INFO     | logging:callHandlers:1736 - 127.0.0.1:11108 - "GET /api/core/system/dictAll HTTP/1.1" 200
2026-08-26 22:29:15.979 | INFO     | app.core.middlewares:dispatch:88 - 请求: GET /api/core/system/menu | client=127.0.0.1
2026-08-26 22:29:16.003 | INFO     | app.core.middlewares:dispatch:100 - 响应: 200 | 23.8ms
2026-08-26 22:29:16.003 | INFO     | logging:callHandlers:1736 - 127.0.0.1:11110 - "GET /api/core/system/menu HTTP/1.1" 200
2026-08-26 22:29:21.097 | INFO     | app.core.middlewares:dispatch:88 - 请求: GET /api/core/tenants-by-username | client=127.0.0.1
2026-08-26 22:29:21.098 | INFO     | app.core.middlewares:dispatch:88 - 请求: GET /api/core/system/statistics | client=127.0.0.1
2026-08-26 22:29:21.101 | INFO     | app.core.middlewares:dispatch:88 - 请求: GET /api/core/system/loginBarChart | client=127.0.0.1
2026-08-26 22:29:21.114 | INFO     | app.core.middlewares:dispatch:100 - 响应: 200 | 16.8ms
2026-08-26 22:29:21.114 | INFO     | logging:callHandlers:1736 - 127.0.0.1:10780 - "GET /api/core/tenants-by-username?username=admin HTTP/1.1" 200
2026-08-26 22:29:21.123 | INFO     | app.core.middlewares:dispatch:88 - 请求: GET /api/core/system/loginChart | client=127.0.0.1
2026-08-26 22:29:21.184 | INFO     | app.core.middlewares:dispatch:100 - 响应: 200 | 83.2ms
2026-08-26 22:29:21.184 | INFO     | logging:callHandlers:1736 - 127.0.0.1:10782 - "GET /api/core/system/loginBarChart HTTP/1.1" 200
2026-08-26 22:29:21.214 | INFO     | app.core.middlewares:dispatch:100 - 响应: 200 | 90.4ms
2026-08-26 22:29:21.214 | INFO     | logging:callHandlers:1736 - 127.0.0.1:10783 - "GET /api/core/system/loginChart HTTP/1.1" 200
2026-08-26 22:29:21.218 | INFO     | app.core.middlewares:dispatch:100 - 响应: 200 | 119.6ms
2026-08-26 22:29:21.218 | INFO     | logging:callHandlers:1736 - 127.0.0.1:10781 - "GET /api/core/system/statistics HTTP/1.1" 200
2026-08-26 22:29:24.962 | WARNING  | logging:callHandlers:1736 - StatReload detected changes in 'tests\test_api_module_platform.py'. Reloading...
2026-08-26 22:29:25.061 | INFO     | logging:callHandlers:1736 - Shutting down
2026-08-26 22:29:25.170 | INFO     | logging:callHandlers:1736 - Waiting for application shutdown.
2026-08-26 22:29:25.171 | INFO     | app.api.v1.module_platform.video.meta_queue:stop:125 - MetaFetchQueue stopped
2026-08-26 22:29:25.175 | INFO     | app.api.v1.module_platform.video.downloader:stop:151 - DownloadQueue stopping: 服务关闭
2026-08-26 22:29:25.178 | INFO     | app.api.v1.module_platform.video.downloader:stop:188 - DownloadQueue stopped
2026-08-26 22:29:25.180 | INFO     | logging:callHandlers:1736 - Scheduler has been shut down
2026-08-26 22:29:25.180 | INFO     | app.core.ap_scheduler:_handle_scheduler_shutdown:406 - 调度器已关闭
2026-08-26 22:29:25.180 | INFO     | app.core.ap_scheduler:_update_scheduler_status:511 - 调度器状态变更: 0
2026-08-26 22:29:25.181 | INFO     | app.core.database:redis_connect:201 - ✅️ Redis连接已关闭
2026-08-26 22:29:25.187 | INFO     | logging:callHandlers:1736 - Application shutdown complete.
2026-08-26 22:29:25.190 | INFO     | logging:callHandlers:1736 - Finished server process [4628]
2026-08-26 22:29:28.114 | INFO     | logging:callHandlers:1736 - Started server process [29348]
2026-08-26 22:29:28.114 | INFO     | logging:callHandlers:1736 - Waiting for application startup.
2026-08-26 22:29:28.121 | INFO     | app.scripts.initialize:init_db:119 - sa_system_user 已有数据，跳过 fssoa.sql 导入
2026-08-26 22:29:28.122 | INFO     | app.init_app:lifespan:26 - ✅ mysql数据库初始化完成
2026-08-26 22:29:30.151 | INFO     | app.init_app:lifespan:28 - ✅ 全局事件模块加载完成
2026-08-26 22:29:30.152 | INFO     | app.init_app:lifespan:32 - ✅ fastapi-admin-cache 初始化完成
2026-08-26 22:29:30.154 | WARNING  | app.init_app:lifespan:37 - 演示模式已开启：禁止 POST/PUT/PATCH/DELETE（登录/刷新/登出除外）
2026-08-26 22:29:30.155 | INFO     | app.init_app:lifespan:53 - ✅ 请求限流器初始化完成 (10000次/60秒)
2026-08-26 22:29:30.200 | INFO     | logging:callHandlers:1736 - Scheduler started
2026-08-26 22:29:32.273 | INFO     | app.core.ap_scheduler:_handle_job_added:362 - 任务 system_tenant_expiry_check (租户到期检查) 已添加到 default 存储器
2026-08-26 22:29:32.339 | INFO     | app.core.ap_scheduler:_cleanup_obsolete_pending_logs:836 - 清理了任务 system_tenant_expiry_check 的 1 条旧 pending 日志
2026-08-26 22:29:32.367 | INFO     | app.core.ap_scheduler:_create_job_log:874 - 执行日志创建成功: job_id=system_tenant_expiry_check, id=831
2026-08-26 22:29:32.368 | INFO     | app.core.ap_scheduler:_handle_job_added:375 - 任务 system_tenant_expiry_check 已创建初始 pending 状态日志
2026-08-26 22:29:32.368 | INFO     | logging:callHandlers:1736 - Added job "租户到期检查" to job store "default"
2026-08-26 22:29:32.370 | INFO     | app.core.ap_scheduler:_handle_job_added:362 - 任务 system_grace_reminder (宽限期续费提醒) 已添加到 default 存储器
2026-08-26 22:29:32.398 | INFO     | app.core.ap_scheduler:_cleanup_obsolete_pending_logs:836 - 清理了任务 system_grace_reminder 的 1 条旧 pending 日志
2026-08-26 22:29:32.424 | INFO     | app.core.ap_scheduler:_create_job_log:874 - 执行日志创建成功: job_id=system_grace_reminder, id=832
2026-08-26 22:29:32.424 | INFO     | app.core.ap_scheduler:_handle_job_added:375 - 任务 system_grace_reminder 已创建初始 pending 状态日志
2026-08-26 22:29:32.425 | INFO     | logging:callHandlers:1736 - Added job "宽限期续费提醒" to job store "default"
2026-08-26 22:29:32.427 | INFO     | app.core.ap_scheduler:_handle_job_added:362 - 任务 system_clean_expired (过期租户归档清理) 已添加到 default 存储器
2026-08-26 22:29:32.467 | INFO     | app.core.ap_scheduler:_cleanup_obsolete_pending_logs:836 - 清理了任务 system_clean_expired 的 1 条旧 pending 日志
2026-08-26 22:29:32.491 | INFO     | app.core.ap_scheduler:_create_job_log:874 - 执行日志创建成功: job_id=system_clean_expired, id=833
2026-08-26 22:29:32.491 | INFO     | app.core.ap_scheduler:_handle_job_added:375 - 任务 system_clean_expired 已创建初始 pending 状态日志
2026-08-26 22:29:32.492 | INFO     | logging:callHandlers:1736 - Added job "过期租户归档清理" to job store "default"
2026-08-26 22:29:32.502 | INFO     | app.core.ap_scheduler:_handle_job_added:362 - 任务 system_cleanup_operation_log (操作日志清理) 已添加到 default 存储器
2026-08-26 22:29:32.547 | INFO     | app.core.ap_scheduler:_cleanup_obsolete_pending_logs:836 - 清理了任务 system_cleanup_operation_log 的 1 条旧 pending 日志
2026-08-26 22:29:32.574 | INFO     | app.core.ap_scheduler:_create_job_log:874 - 执行日志创建成功: job_id=system_cleanup_operation_log, id=834
2026-08-26 22:29:32.574 | INFO     | app.core.ap_scheduler:_handle_job_added:375 - 任务 system_cleanup_operation_log 已创建初始 pending 状态日志
2026-08-26 22:29:32.574 | INFO     | logging:callHandlers:1736 - Added job "操作日志清理" to job store "default"
2026-08-26 22:29:32.575 | INFO     | app.core.ap_scheduler:_register_system_jobs:671 - 系统周期任务已注册 4 个
2026-08-26 22:29:32.575 | INFO     | app.init_app:lifespan:68 - ✅ APScheduler 初始化完成
2026-08-26 22:29:34.615 | INFO     | app.api.v1.module_platform.video.meta_queue:start:106 - MetaFetchQueue started workers=1 recover_on_start=False recovered=0
2026-08-26 22:29:34.618 | INFO     | app.api.v1.module_platform.video.downloader:start:144 - DownloadQueue started workers=2 recovered=0
2026-08-26 22:29:34.623 | INFO     | app.init_app:lifespan:86 - ✅ 视频队列已启动 (meta_recover_on_start=False, ytdlp_subprocess=True)
2026-08-26 22:29:34.652 | INFO     | logging:callHandlers:1736 - Application startup complete.
2026-08-26 22:29:34.658 | INFO     | app.core.middlewares:dispatch:88 - 请求: GET /api/platform/video/list | client=127.0.0.1
2026-08-26 22:29:34.659 | INFO     | app.core.middlewares:dispatch:88 - 请求: GET /api/core/server/monitor | client=127.0.0.1
2026-08-26 22:29:34.659 | INFO     | app.core.middlewares:dispatch:88 - 请求: GET /api/core/logs/getOperLogPageList | client=127.0.0.1
2026-08-26 22:29:38.754 | INFO     | app.core.middlewares:dispatch:100 - 响应: 200 | 4094.5ms
2026-08-26 22:29:38.754 | INFO     | logging:callHandlers:1736 - 127.0.0.1:10154 - "GET /api/core/logs/getOperLogPageList?page=1&limit=10&orderField=create_time&orderType=desc HTTP/1.1" 200
2026-08-26 22:29:38.755 | INFO     | app.core.middlewares:dispatch:100 - 响应: 200 | 4096.3ms
2026-08-26 22:29:38.755 | INFO     | logging:callHandlers:1736 - 127.0.0.1:43959 - "GET /api/core/server/monitor HTTP/1.1" 200
2026-08-26 22:29:40.857 | INFO     | app.core.middlewares:dispatch:100 - 响应: 200 | 6199.0ms
2026-08-26 22:29:40.858 | INFO     | logging:callHandlers:1736 - 127.0.0.1:10145 - "GET /api/platform/video/list?page_no=1&page_size=10 HTTP/1.1" 200
2026-08-26 22:29:52.531 | INFO     | app.core.middlewares:dispatch:88 - 请求: GET /api/platform/video/list | client=127.0.0.1
2026-08-26 22:29:52.550 | INFO     | app.core.middlewares:dispatch:100 - 响应: 200 | 18.9ms
2026-08-26 22:29:52.550 | INFO     | logging:callHandlers:1736 - 127.0.0.1:32710 - "GET /api/platform/video/list?page_no=1&page_size=10 HTTP/1.1" 200
2026-08-26 22:29:54.001 | INFO     | app.core.middlewares:dispatch:88 - 请求: GET /api/core/logs/getOperLogPageList | client=127.0.0.1
2026-08-26 22:29:54.014 | INFO     | app.core.middlewares:dispatch:100 - 响应: 200 | 13.2ms
2026-08-26 22:29:54.015 | INFO     | logging:callHandlers:1736 - 127.0.0.1:41022 - "GET /api/core/logs/getOperLogPageList?page=1&limit=10&orderField=create_time&orderType=desc HTTP/1.1" 200
2026-08-26 22:29:55.811 | INFO     | app.core.middlewares:dispatch:88 - 请求: GET /api/core/server/monitor | client=127.0.0.1
2026-08-26 22:29:55.818 | INFO     | app.core.middlewares:dispatch:100 - 响应: 200 | 7.2ms
2026-08-26 22:29:55.819 | INFO     | logging:callHandlers:1736 - 127.0.0.1:35004 - "GET /api/core/server/monitor HTTP/1.1" 200
2026-08-26 22:29:56.800 | INFO     | app.core.middlewares:dispatch:88 - 请求: GET /api/core/system/statistics | client=127.0.0.1
2026-08-26 22:29:56.815 | INFO     | app.core.middlewares:dispatch:100 - 响应: 200 | 14.9ms
2026-08-26 22:29:56.815 | INFO     | logging:callHandlers:1736 - 127.0.0.1:24605 - "GET /api/core/system/statistics HTTP/1.1" 200
2026-08-26 22:29:57.117 | INFO     | app.core.middlewares:dispatch:88 - 请求: GET /api/core/system/loginBarChart | client=127.0.0.1
2026-08-26 22:29:57.117 | INFO     | app.core.middlewares:dispatch:88 - 请求: GET /api/core/system/loginChart | client=127.0.0.1
2026-08-26 22:29:57.159 | INFO     | app.core.middlewares:dispatch:100 - 响应: 200 | 42.5ms
2026-08-26 22:29:57.160 | INFO     | logging:callHandlers:1736 - 127.0.0.1:59143 - "GET /api/core/system/loginBarChart HTTP/1.1" 200
2026-08-26 22:29:57.181 | INFO     | app.core.middlewares:dispatch:100 - 响应: 200 | 63.3ms
2026-08-26 22:29:57.181 | INFO     | logging:callHandlers:1736 - 127.0.0.1:59144 - "GET /api/core/system/loginChart HTTP/1.1" 200
2026-08-26 22:30:05.780 | INFO     | app.core.middlewares:dispatch:88 - 请求: GET /api/core/system/user | client=127.0.0.1
2026-08-26 22:30:05.798 | INFO     | app.core.middlewares:dispatch:100 - 响应: 200 | 18.4ms
2026-08-26 22:30:05.799 | INFO     | logging:callHandlers:1736 - 127.0.0.1:32519 - "GET /api/core/system/user HTTP/1.1" 200
2026-08-26 22:30:05.900 | INFO     | app.core.middlewares:dispatch:88 - 请求: GET /api/core/system/dictAll | client=127.0.0.1
2026-08-26 22:30:05.964 | INFO     | app.core.middlewares:dispatch:100 - 响应: 200 | 64.0ms
2026-08-26 22:30:05.964 | INFO     | logging:callHandlers:1736 - 127.0.0.1:32521 - "GET /api/core/system/dictAll HTTP/1.1" 200
2026-08-26 22:30:05.973 | INFO     | app.core.middlewares:dispatch:88 - 请求: GET /api/core/system/menu | client=127.0.0.1
2026-08-26 22:30:05.998 | INFO     | app.core.middlewares:dispatch:100 - 响应: 200 | 25.8ms
2026-08-26 22:30:05.999 | INFO     | logging:callHandlers:1736 - 127.0.0.1:32523 - "GET /api/core/system/menu HTTP/1.1" 200
2026-08-26 22:30:11.131 | INFO     | app.core.middlewares:dispatch:88 - 请求: GET /api/core/tenants-by-username | client=127.0.0.1
2026-08-26 22:30:11.133 | INFO     | app.core.middlewares:dispatch:88 - 请求: GET /api/core/system/statistics | client=127.0.0.1
2026-08-26 22:30:11.151 | INFO     | app.core.middlewares:dispatch:88 - 请求: GET /api/core/system/loginBarChart | client=127.0.0.1
2026-08-26 22:30:11.180 | INFO     | app.core.middlewares:dispatch:100 - 响应: 200 | 49.5ms
2026-08-26 22:30:11.183 | INFO     | logging:callHandlers:1736 - 127.0.0.1:27768 - "GET /api/core/tenants-by-username?username=admin HTTP/1.1" 200
2026-08-26 22:30:11.193 | INFO     | app.core.middlewares:dispatch:100 - 响应: 200 | 60.5ms
2026-08-26 22:30:11.195 | INFO     | logging:callHandlers:1736 - 127.0.0.1:27769 - "GET /api/core/system/statistics HTTP/1.1" 200
2026-08-26 22:30:11.209 | INFO     | app.core.middlewares:dispatch:100 - 响应: 200 | 58.0ms
2026-08-26 22:30:11.210 | INFO     | logging:callHandlers:1736 - 127.0.0.1:27770 - "GET /api/core/system/loginBarChart HTTP/1.1" 200
2026-08-26 22:30:11.440 | INFO     | app.core.middlewares:dispatch:88 - 请求: GET /api/core/system/loginChart | client=127.0.0.1
2026-08-26 22:30:11.483 | INFO     | app.core.middlewares:dispatch:100 - 响应: 200 | 43.1ms
2026-08-26 22:30:11.483 | INFO     | logging:callHandlers:1736 - 127.0.0.1:64421 - "GET /api/core/system/loginChart HTTP/1.1" 200
2026-08-26 22:30:15.308 | INFO     | app.core.middlewares:dispatch:88 - 请求: GET /api/task/cronjob/job/scheduler/jobs | client=127.0.0.1
2026-08-26 22:30:15.321 | INFO     | app.core.middlewares:dispatch:100 - 响应: 200 | 12.6ms
2026-08-26 22:30:15.321 | INFO     | logging:callHandlers:1736 - 127.0.0.1:35784 - "GET /api/task/cronjob/job/scheduler/jobs HTTP/1.1" 200
2026-08-26 22:30:15.343 | INFO     | app.core.middlewares:dispatch:88 - 请求: GET /api/task/cronjob/job/scheduler/status | client=127.0.0.1
2026-08-26 22:30:15.351 | INFO     | app.core.middlewares:dispatch:100 - 响应: 200 | 8.2ms
2026-08-26 22:30:15.353 | INFO     | logging:callHandlers:1736 - 127.0.0.1:35786 - "GET /api/task/cronjob/job/scheduler/status HTTP/1.1" 200
2026-08-26 22:31:36.353 | INFO     | app.core.middlewares:dispatch:88 - 请求: GET /api/tool/code/index | client=127.0.0.1
2026-08-26 22:31:36.366 | ERROR    | app.core.exceptions:http_exception_handler:64 - [HTTP异常] GET /api/tool/code/index | status_code=404 | detail=Not Found | cid=27ec2de7
2026-08-26 22:31:36.387 | INFO     | app.core.middlewares:dispatch:100 - 响应: 404 | 33.7ms
2026-08-26 22:31:36.387 | INFO     | logging:callHandlers:1736 - 127.0.0.1:40459 - "GET /api/tool/code/index?page=1&limit=10 HTTP/1.1" 404
2026-08-26 22:31:50.452 | INFO     | app.core.middlewares:dispatch:88 - 请求: GET /api/core/logs/getLoginLogPageList | client=127.0.0.1
2026-08-26 22:31:50.467 | INFO     | app.core.middlewares:dispatch:100 - 响应: 200 | 15.1ms
2026-08-26 22:31:50.468 | INFO     | logging:callHandlers:1736 - 127.0.0.1:35680 - "GET /api/core/logs/getLoginLogPageList?page=1&limit=10&orderField=login_time&orderType=desc HTTP/1.1" 200
2026-08-26 22:31:51.542 | WARNING  | logging:callHandlers:1736 - StatReload detected changes in 'app\api\v1\module_system\role\crud.py'. Reloading...
2026-08-26 22:31:51.562 | INFO     | logging:callHandlers:1736 - Shutting down
2026-08-26 22:31:51.673 | INFO     | logging:callHandlers:1736 - Waiting for application shutdown.
2026-08-26 22:31:51.674 | INFO     | app.api.v1.module_platform.video.meta_queue:stop:125 - MetaFetchQueue stopped
2026-08-26 22:31:51.676 | INFO     | app.api.v1.module_platform.video.downloader:stop:151 - DownloadQueue stopping: 服务关闭
2026-08-26 22:31:51.679 | INFO     | app.api.v1.module_platform.video.downloader:stop:188 - DownloadQueue stopped
2026-08-26 22:31:51.681 | INFO     | logging:callHandlers:1736 - Scheduler has been shut down
2026-08-26 22:31:51.681 | INFO     | app.core.ap_scheduler:_handle_scheduler_shutdown:406 - 调度器已关闭
2026-08-26 22:31:51.681 | INFO     | app.core.ap_scheduler:_update_scheduler_status:511 - 调度器状态变更: 0
2026-08-26 22:31:51.682 | INFO     | app.core.database:redis_connect:201 - ✅️ Redis连接已关闭
2026-08-26 22:31:51.685 | INFO     | logging:callHandlers:1736 - Application shutdown complete.
2026-08-26 22:31:51.686 | INFO     | logging:callHandlers:1736 - Finished server process [29348]
2026-08-26 22:31:54.426 | INFO     | logging:callHandlers:1736 - Started server process [21160]
2026-08-26 22:31:54.427 | INFO     | logging:callHandlers:1736 - Waiting for application startup.
2026-08-26 22:31:54.433 | INFO     | app.scripts.initialize:init_db:119 - sa_system_user 已有数据，跳过 fssoa.sql 导入
2026-08-26 22:31:54.434 | INFO     | app.init_app:lifespan:26 - ✅ mysql数据库初始化完成
2026-08-26 22:31:56.456 | INFO     | app.init_app:lifespan:28 - ✅ 全局事件模块加载完成
2026-08-26 22:31:56.456 | INFO     | app.init_app:lifespan:32 - ✅ fastapi-admin-cache 初始化完成
2026-08-26 22:31:56.459 | WARNING  | app.init_app:lifespan:37 - 演示模式已开启：禁止 POST/PUT/PATCH/DELETE（登录/刷新/登出除外）
2026-08-26 22:31:56.460 | INFO     | app.init_app:lifespan:53 - ✅ 请求限流器初始化完成 (10000次/60秒)
2026-08-26 22:31:56.504 | INFO     | logging:callHandlers:1736 - Scheduler started
2026-08-26 22:31:58.551 | INFO     | app.core.ap_scheduler:_handle_job_added:362 - 任务 system_tenant_expiry_check (租户到期检查) 已添加到 default 存储器
2026-08-26 22:31:58.619 | INFO     | app.core.ap_scheduler:_cleanup_obsolete_pending_logs:836 - 清理了任务 system_tenant_expiry_check 的 1 条旧 pending 日志
2026-08-26 22:31:58.648 | INFO     | app.core.ap_scheduler:_create_job_log:874 - 执行日志创建成功: job_id=system_tenant_expiry_check, id=835
2026-08-26 22:31:58.649 | INFO     | app.core.ap_scheduler:_handle_job_added:375 - 任务 system_tenant_expiry_check 已创建初始 pending 状态日志
2026-08-26 22:31:58.649 | INFO     | logging:callHandlers:1736 - Added job "租户到期检查" to job store "default"
2026-08-26 22:31:58.651 | INFO     | app.core.ap_scheduler:_handle_job_added:362 - 任务 system_grace_reminder (宽限期续费提醒) 已添加到 default 存储器
2026-08-26 22:31:58.678 | INFO     | app.core.ap_scheduler:_cleanup_obsolete_pending_logs:836 - 清理了任务 system_grace_reminder 的 1 条旧 pending 日志
2026-08-26 22:31:58.703 | INFO     | app.core.ap_scheduler:_create_job_log:874 - 执行日志创建成功: job_id=system_grace_reminder, id=836
2026-08-26 22:31:58.704 | INFO     | app.core.ap_scheduler:_handle_job_added:375 - 任务 system_grace_reminder 已创建初始 pending 状态日志
2026-08-26 22:31:58.704 | INFO     | logging:callHandlers:1736 - Added job "宽限期续费提醒" to job store "default"
2026-08-26 22:31:58.705 | INFO     | app.core.ap_scheduler:_handle_job_added:362 - 任务 system_clean_expired (过期租户归档清理) 已添加到 default 存储器
2026-08-26 22:31:58.727 | INFO     | app.core.ap_scheduler:_cleanup_obsolete_pending_logs:836 - 清理了任务 system_clean_expired 的 1 条旧 pending 日志
2026-08-26 22:31:58.753 | INFO     | app.core.ap_scheduler:_create_job_log:874 - 执行日志创建成功: job_id=system_clean_expired, id=837
2026-08-26 22:31:58.754 | INFO     | app.core.ap_scheduler:_handle_job_added:375 - 任务 system_clean_expired 已创建初始 pending 状态日志
2026-08-26 22:31:58.756 | INFO     | logging:callHandlers:1736 - Added job "过期租户归档清理" to job store "default"
2026-08-26 22:31:58.757 | INFO     | app.core.ap_scheduler:_handle_job_added:362 - 任务 system_cleanup_operation_log (操作日志清理) 已添加到 default 存储器
2026-08-26 22:31:58.785 | INFO     | app.core.ap_scheduler:_cleanup_obsolete_pending_logs:836 - 清理了任务 system_cleanup_operation_log 的 1 条旧 pending 日志
2026-08-26 22:31:58.812 | INFO     | app.core.ap_scheduler:_create_job_log:874 - 执行日志创建成功: job_id=system_cleanup_operation_log, id=838
2026-08-26 22:31:58.813 | INFO     | app.core.ap_scheduler:_handle_job_added:375 - 任务 system_cleanup_operation_log 已创建初始 pending 状态日志
2026-08-26 22:31:58.813 | INFO     | logging:callHandlers:1736 - Added job "操作日志清理" to job store "default"
2026-08-26 22:31:58.813 | INFO     | app.core.ap_scheduler:_register_system_jobs:671 - 系统周期任务已注册 4 个
2026-08-26 22:31:58.814 | INFO     | app.init_app:lifespan:68 - ✅ APScheduler 初始化完成
2026-08-26 22:32:00.865 | INFO     | app.api.v1.module_platform.video.meta_queue:start:106 - MetaFetchQueue started workers=1 recover_on_start=False recovered=0
2026-08-26 22:32:00.869 | INFO     | app.api.v1.module_platform.video.downloader:start:144 - DownloadQueue started workers=2 recovered=0
2026-08-26 22:32:00.874 | INFO     | app.init_app:lifespan:86 - ✅ 视频队列已启动 (meta_recover_on_start=False, ytdlp_subprocess=True)
2026-08-26 22:32:00.903 | INFO     | logging:callHandlers:1736 - Application startup complete.
2026-08-26 22:32:00.915 | INFO     | app.core.middlewares:dispatch:88 - 请求: GET /api/system/user/list | client=127.0.0.1
2026-08-26 22:32:00.915 | INFO     | app.core.middlewares:dispatch:88 - 请求: GET /api/system/dept/access-dept | client=127.0.0.1
2026-08-26 22:32:02.962 | INFO     | app.core.middlewares:dispatch:100 - 响应: 200 | 2046.3ms
2026-08-26 22:32:02.962 | INFO     | logging:callHandlers:1736 - 127.0.0.1:41148 - "GET /api/system/dept/access-dept HTTP/1.1" 200
2026-08-26 22:32:03.042 | INFO     | app.core.middlewares:dispatch:100 - 响应: 200 | 2127.1ms
2026-08-26 22:32:03.042 | INFO     | logging:callHandlers:1736 - 127.0.0.1:41147 - "GET /api/system/user/list?page=1&limit=10&status= HTTP/1.1" 200
2026-08-26 22:32:03.524 | INFO     | app.core.middlewares:dispatch:88 - 请求: GET /uploads/2026/03/28/69c7a3a1cae578.20110121.png | client=127.0.0.1
2026-08-26 22:32:03.525 | INFO     | app.core.middlewares:dispatch:88 - 请求: GET /uploads/2026/03/28/69c7a3acd6b581.21163358.png | client=127.0.0.1
2026-08-26 22:32:03.527 | INFO     | app.core.middlewares:dispatch:88 - 请求: GET /uploads/2026/03/28/69c7a3a83f9f14.20042528.png | client=127.0.0.1
2026-08-26 22:32:03.528 | INFO     | app.core.middlewares:dispatch:88 - 请求: GET /uploads/2026/03/28/69c7a3b2058589.44968839.webp | client=127.0.0.1
2026-08-26 22:32:03.535 | INFO     | app.core.middlewares:dispatch:100 - 响应: 404 | 11.2ms
2026-08-26 22:32:03.538 | INFO     | logging:callHandlers:1736 - 127.0.0.1:50412 - "GET /uploads/2026/03/28/69c7a3a1cae578.20110121.png HTTP/1.1" 404
2026-08-26 22:32:03.539 | INFO     | app.core.middlewares:dispatch:100 - 响应: 404 | 13.4ms
2026-08-26 22:32:03.539 | INFO     | logging:callHandlers:1736 - 127.0.0.1:50414 - "GET /uploads/2026/03/28/69c7a3acd6b581.21163358.png HTTP/1.1" 404
2026-08-26 22:32:03.540 | INFO     | app.core.middlewares:dispatch:100 - 响应: 404 | 13.3ms
2026-08-26 22:32:03.541 | INFO     | logging:callHandlers:1736 - 127.0.0.1:50413 - "GET /uploads/2026/03/28/69c7a3a83f9f14.20042528.png HTTP/1.1" 404
2026-08-26 22:32:03.542 | INFO     | app.core.middlewares:dispatch:100 - 响应: 404 | 13.8ms
2026-08-26 22:32:03.543 | INFO     | logging:callHandlers:1736 - 127.0.0.1:50415 - "GET /uploads/2026/03/28/69c7a3b2058589.44968839.webp HTTP/1.1" 404
2026-08-26 22:35:40.578 | INFO     | app.core.middlewares:dispatch:88 - 请求: GET /api/task/cronjob/job/scheduler/jobs | client=127.0.0.1
2026-08-26 22:35:40.628 | INFO     | app.core.middlewares:dispatch:100 - 响应: 200 | 49.8ms
2026-08-26 22:35:40.629 | INFO     | logging:callHandlers:1736 - 127.0.0.1:10013 - "GET /api/task/cronjob/job/scheduler/jobs HTTP/1.1" 200
2026-08-26 22:35:40.843 | INFO     | app.core.middlewares:dispatch:88 - 请求: GET /api/task/cronjob/job/scheduler/status | client=127.0.0.1
2026-08-26 22:35:40.891 | INFO     | app.core.middlewares:dispatch:100 - 响应: 200 | 48.3ms
2026-08-26 22:35:40.891 | INFO     | logging:callHandlers:1736 - 127.0.0.1:13047 - "GET /api/task/cronjob/job/scheduler/status HTTP/1.1" 200
2026-08-26 22:39:19.258 | WARNING  | logging:callHandlers:1736 - StatReload detected changes in 'app\api\v1\module_platform\__init__.py'. Reloading...
2026-08-26 22:39:19.303 | INFO     | logging:callHandlers:1736 - Shutting down
2026-08-26 22:39:19.413 | INFO     | logging:callHandlers:1736 - Waiting for application shutdown.
2026-08-26 22:39:19.414 | INFO     | app.api.v1.module_platform.video.meta_queue:stop:125 - MetaFetchQueue stopped
2026-08-26 22:39:19.417 | INFO     | app.api.v1.module_platform.video.downloader:stop:151 - DownloadQueue stopping: 服务关闭
2026-08-26 22:39:19.463 | INFO     | app.api.v1.module_platform.video.downloader:stop:188 - DownloadQueue stopped
2026-08-26 22:39:19.466 | INFO     | logging:callHandlers:1736 - Scheduler has been shut down
2026-08-26 22:39:19.467 | INFO     | app.core.ap_scheduler:_handle_scheduler_shutdown:406 - 调度器已关闭
2026-08-26 22:39:19.468 | INFO     | app.core.ap_scheduler:_update_scheduler_status:511 - 调度器状态变更: 0
2026-08-26 22:39:19.469 | INFO     | app.core.database:redis_connect:201 - ✅️ Redis连接已关闭
2026-08-26 22:39:19.470 | ERROR    | logging:callHandlers:1736 - Exception closing connection <AdaptedConnection <asyncmy.connection.Connection object at 0x000001E8E242C2D0>>
Traceback (most recent call last):

  File "C:\Users\Administrator\Desktop\fssadmin_nestjs\FastAdmin\FssAdmin_Python\server\.venv\Lib\site-packages\sqlalchemy\engine\base.py", line 3220, in dispose
    self.pool.dispose()
    │    │    └ <function QueuePool.dispose at 0x000001E8DCC714E0>
    │    └ <sqlalchemy.pool.impl.AsyncAdaptedQueuePool object at 0x000001E8DFC28440>
    └ Engine(mysql+asyncmy://root:***@127.0.0.1:3306/fssoa-net?charset=utf8mb4)
  File "C:\Users\Administrator\Desktop\fssadmin_nestjs\FastAdmin\FssAdmin_Python\server\.venv\Lib\site-packages\sqlalchemy\pool\impl.py", line 224, in dispose
    conn.close()
    │    └ <function _ConnectionRecord.close at 0x000001E8DCC60CC0>
    └ <sqlalchemy.pool.base._ConnectionRecord object at 0x000001E8E23DD010>
  File "C:\Users\Administrator\Desktop\fssadmin_nestjs\FastAdmin\FssAdmin_Python\server\.venv\Lib\site-packages\sqlalchemy\pool\base.py", line 784, in close
    self.__close()
    └ <sqlalchemy.pool.base._ConnectionRecord object at 0x000001E8E23DD010>
  File "C:\Users\Administrator\Desktop\fssadmin_nestjs\FastAdmin\FssAdmin_Python\server\.venv\Lib\site-packages\sqlalchemy\pool\base.py", line 883, in __close
    self.__pool._close_connection(
    └ <sqlalchemy.pool.base._ConnectionRecord object at 0x000001E8E23DD010>
> File "C:\Users\Administrator\Desktop\fssadmin_nestjs\FastAdmin\FssAdmin_Python\server\.venv\Lib\site-packages\sqlalchemy\pool\base.py", line 375, in _close_connection
    self._dialect.do_close(connection)
    │    │        │        └ <AdaptedConnection <asyncmy.connection.Connection object at 0x000001E8E242C2D0>>
    │    │        └ <function DefaultDialect.do_close at 0x000001E8DD165F80>
    │    └ <sqlalchemy.dialects.mysql.asyncmy.MySQLDialect_asyncmy object at 0x000001E8DFC282F0>
    └ <sqlalchemy.pool.impl.AsyncAdaptedQueuePool object at 0x000001E8DFC28440>
  File "C:\Users\Administrator\Desktop\fssadmin_nestjs\FastAdmin\FssAdmin_Python\server\.venv\Lib\site-packages\sqlalchemy\engine\default.py", line 721, in do_close
    dbapi_connection.close()
    │                └ <function AsyncAdapt_asyncmy_connection.close at 0x000001E8DFA879C0>
    └ <AdaptedConnection <asyncmy.connection.Connection object at 0x000001E8E242C2D0>>
  File "C:\Users\Administrator\Desktop\fssadmin_nestjs\FastAdmin\FssAdmin_Python\server\.venv\Lib\site-packages\sqlalchemy\dialects\mysql\asyncmy.py", line 120, in close
    self.await_(self._connection.ensure_closed())
    │    │      │    └ <member '_connection' of 'AdaptedConnection' objects>
    │    │      └ <AdaptedConnection <asyncmy.connection.Connection object at 0x000001E8E242C2D0>>
    │    └ <staticmethod(<function await_only at 0x000001E8DC37C400>)>
    └ <AdaptedConnection <asyncmy.connection.Connection object at 0x000001E8E242C2D0>>
  File "C:\Users\Administrator\Desktop\fssadmin_nestjs\FastAdmin\FssAdmin_Python\server\.venv\Lib\site-packages\sqlalchemy\util\_concurrency_py3k.py", line 132, in await_only
    return current.parent.switch(awaitable)  # type: ignore[no-any-return,attr-defined] # noqa: E501
           │       │             └ <_cython_3_2_4.coroutine object at 0x000001E8E24074D0>
           │       └ <attribute 'parent' of 'greenlet.greenlet' objects>
           └ <_AsyncIoGreenlet object at 0x000001E8E04E8600 (otid=0x000001E8DBB6C4E0) current active started>
  File "C:\Users\Administrator\Desktop\fssadmin_nestjs\FastAdmin\FssAdmin_Python\server\.venv\Lib\site-packages\sqlalchemy\util\_concurrency_py3k.py", line 196, in greenlet_spawn
    value = await result
                  └ <_cython_3_2_4.coroutine object at 0x000001E8E24074D0>
  File "asyncmy/connection.pyx", line 365, in ensure_closed
    await self._writer.drain()
  File "C:\Users\Administrator\AppData\Local\Programs\Python\Python313\Lib\asyncio\streams.py", line 386, in drain
    await self._protocol._drain_helper()
          │    │         └ <function FlowControlMixin._drain_helper at 0x000001E8DBEE3600>
          │    └ <asyncio.streams.StreamReaderProtocol object at 0x000001E8E2421220>
          └ <StreamWriter transport=<_SelectorSocketTransport closed fd=1032> reader=<StreamReader eof exception=ConnectionAbortedError(1...
  File "C:\Users\Administrator\AppData\Local\Programs\Python\Python313\Lib\asyncio\streams.py", line 166, in _drain_helper
    raise ConnectionResetError('Connection lost')

ConnectionResetError: Connection lost
2026-08-26 22:39:19.511 | INFO     | logging:callHandlers:1736 - Application shutdown complete.
2026-08-26 22:39:19.511 | INFO     | logging:callHandlers:1736 - Finished server process [21160]
2026-08-26 22:39:22.115 | INFO     | logging:callHandlers:1736 - Started server process [24204]
2026-08-26 22:39:22.117 | INFO     | logging:callHandlers:1736 - Waiting for application startup.
2026-08-26 22:39:22.124 | INFO     | app.scripts.initialize:init_db:119 - sa_system_user 已有数据，跳过 fssoa.sql 导入
2026-08-26 22:39:22.125 | INFO     | app.init_app:lifespan:26 - ✅ mysql数据库初始化完成
2026-08-26 22:39:22.372 | WARNING  | logging:callHandlers:1736 - StatReload detected changes in 'app\core\ap_scheduler.py'. Reloading...
2026-08-26 22:39:24.170 | INFO     | app.init_app:lifespan:28 - ✅ 全局事件模块加载完成
2026-08-26 22:39:24.171 | INFO     | app.init_app:lifespan:32 - ✅ fastapi-admin-cache 初始化完成
2026-08-26 22:39:24.173 | WARNING  | app.init_app:lifespan:37 - 演示模式已开启：禁止 POST/PUT/PATCH/DELETE（登录/刷新/登出除外）
2026-08-26 22:39:24.174 | INFO     | app.init_app:lifespan:53 - ✅ 请求限流器初始化完成 (10000次/60秒)
2026-08-26 22:39:24.220 | INFO     | logging:callHandlers:1736 - Scheduler started
2026-08-26 22:39:24.220 | WARNING  | app.core.ap_scheduler:_register_system_jobs:662 - 租户相关系统任务导入失败: No module named 'app.api.v1.module_platform.tenant'
2026-08-26 22:39:26.261 | INFO     | app.core.ap_scheduler:_handle_job_added:362 - 任务 system_cleanup_operation_log (操作日志清理) 已添加到 default 存储器
2026-08-26 22:39:26.313 | INFO     | app.core.ap_scheduler:_cleanup_obsolete_pending_logs:836 - 清理了任务 system_cleanup_operation_log 的 1 条旧 pending 日志
2026-08-26 22:39:26.341 | INFO     | app.core.ap_scheduler:_create_job_log:874 - 执行日志创建成功: job_id=system_cleanup_operation_log, id=839
2026-08-26 22:39:26.342 | INFO     | app.core.ap_scheduler:_handle_job_added:375 - 任务 system_cleanup_operation_log 已创建初始 pending 状态日志
2026-08-26 22:39:26.342 | INFO     | logging:callHandlers:1736 - Added job "操作日志清理" to job store "default"
2026-08-26 22:39:26.342 | INFO     | app.core.ap_scheduler:_register_system_jobs:671 - 系统周期任务已注册 1 个
2026-08-26 22:39:26.343 | INFO     | app.init_app:lifespan:68 - ✅ APScheduler 初始化完成
2026-08-26 22:39:28.387 | INFO     | app.api.v1.module_platform.video.meta_queue:start:106 - MetaFetchQueue started workers=1 recover_on_start=False recovered=0
2026-08-26 22:39:28.391 | INFO     | app.api.v1.module_platform.video.downloader:start:144 - DownloadQueue started workers=2 recovered=0
2026-08-26 22:39:28.399 | INFO     | app.init_app:lifespan:86 - ✅ 视频队列已启动 (meta_recover_on_start=False, ytdlp_subprocess=True)
2026-08-26 22:39:28.429 | INFO     | logging:callHandlers:1736 - Application startup complete.
2026-08-26 22:39:28.436 | INFO     | logging:callHandlers:1736 - Shutting down
2026-08-26 22:39:28.543 | INFO     | logging:callHandlers:1736 - Waiting for application shutdown.
2026-08-26 22:39:28.544 | INFO     | app.api.v1.module_platform.video.meta_queue:stop:125 - MetaFetchQueue stopped
2026-08-26 22:39:28.546 | INFO     | app.api.v1.module_platform.video.downloader:stop:151 - DownloadQueue stopping: 服务关闭
2026-08-26 22:39:28.548 | INFO     | app.api.v1.module_platform.video.downloader:stop:188 - DownloadQueue stopped
2026-08-26 22:39:28.549 | INFO     | logging:callHandlers:1736 - Scheduler has been shut down
2026-08-26 22:39:28.549 | INFO     | app.core.ap_scheduler:_handle_scheduler_shutdown:406 - 调度器已关闭
2026-08-26 22:39:28.549 | INFO     | app.core.ap_scheduler:_update_scheduler_status:511 - 调度器状态变更: 0
2026-08-26 22:39:28.550 | INFO     | app.core.database:redis_connect:201 - ✅️ Redis连接已关闭
2026-08-26 22:39:28.552 | INFO     | logging:callHandlers:1736 - Application shutdown complete.
2026-08-26 22:39:28.552 | INFO     | logging:callHandlers:1736 - Finished server process [24204]
2026-08-26 22:39:30.962 | INFO     | logging:callHandlers:1736 - Started server process [28924]
2026-08-26 22:39:30.962 | INFO     | logging:callHandlers:1736 - Waiting for application startup.
2026-08-26 22:39:30.970 | INFO     | app.scripts.initialize:init_db:119 - sa_system_user 已有数据，跳过 fssoa.sql 导入
2026-08-26 22:39:30.972 | INFO     | app.init_app:lifespan:26 - ✅ mysql数据库初始化完成
2026-08-26 22:39:32.994 | INFO     | app.init_app:lifespan:28 - ✅ 全局事件模块加载完成
2026-08-26 22:39:32.994 | INFO     | app.init_app:lifespan:32 - ✅ fastapi-admin-cache 初始化完成
2026-08-26 22:39:32.997 | WARNING  | app.init_app:lifespan:37 - 演示模式已开启：禁止 POST/PUT/PATCH/DELETE（登录/刷新/登出除外）
2026-08-26 22:39:32.997 | INFO     | app.init_app:lifespan:53 - ✅ 请求限流器初始化完成 (10000次/60秒)
2026-08-26 22:39:33.044 | INFO     | logging:callHandlers:1736 - Scheduler started
2026-08-26 22:39:35.090 | INFO     | app.core.ap_scheduler:_handle_job_added:362 - 任务 system_cleanup_operation_log (操作日志清理) 已添加到 default 存储器
2026-08-26 22:39:35.143 | INFO     | app.core.ap_scheduler:_cleanup_obsolete_pending_logs:811 - 清理了任务 system_cleanup_operation_log 的 1 条旧 pending 日志
2026-08-26 22:39:35.172 | INFO     | app.core.ap_scheduler:_create_job_log:849 - 执行日志创建成功: job_id=system_cleanup_operation_log, id=840
2026-08-26 22:39:35.172 | INFO     | app.core.ap_scheduler:_handle_job_added:375 - 任务 system_cleanup_operation_log 已创建初始 pending 状态日志
2026-08-26 22:39:35.173 | INFO     | logging:callHandlers:1736 - Added job "操作日志清理" to job store "default"
2026-08-26 22:39:35.173 | INFO     | app.core.ap_scheduler:_register_system_jobs:646 - 系统周期任务已注册 1 个
2026-08-26 22:39:35.173 | INFO     | app.init_app:lifespan:68 - ✅ APScheduler 初始化完成
2026-08-26 22:39:35.201 | WARNING  | logging:callHandlers:1736 - StatReload detected changes in 'tests\test_api_module_platform.py'. Reloading...
2026-08-26 22:39:37.212 | INFO     | app.api.v1.module_platform.video.meta_queue:start:106 - MetaFetchQueue started workers=1 recover_on_start=False recovered=0
2026-08-26 22:39:37.215 | INFO     | app.api.v1.module_platform.video.downloader:start:144 - DownloadQueue started workers=2 recovered=0
2026-08-26 22:39:37.222 | INFO     | app.init_app:lifespan:86 - ✅ 视频队列已启动 (meta_recover_on_start=False, ytdlp_subprocess=True)
2026-08-26 22:39:37.251 | INFO     | logging:callHandlers:1736 - Application startup complete.
2026-08-26 22:39:37.257 | INFO     | logging:callHandlers:1736 - Shutting down
2026-08-26 22:39:37.366 | INFO     | logging:callHandlers:1736 - Waiting for application shutdown.
2026-08-26 22:39:37.367 | INFO     | app.api.v1.module_platform.video.meta_queue:stop:125 - MetaFetchQueue stopped
2026-08-26 22:39:37.368 | INFO     | app.api.v1.module_platform.video.downloader:stop:151 - DownloadQueue stopping: 服务关闭
2026-08-26 22:39:37.370 | INFO     | app.api.v1.module_platform.video.downloader:stop:188 - DownloadQueue stopped
2026-08-26 22:39:37.371 | INFO     | logging:callHandlers:1736 - Scheduler has been shut down
2026-08-26 22:39:37.371 | INFO     | app.core.ap_scheduler:_handle_scheduler_shutdown:406 - 调度器已关闭
2026-08-26 22:39:37.372 | INFO     | app.core.ap_scheduler:_update_scheduler_status:511 - 调度器状态变更: 0
2026-08-26 22:39:37.372 | INFO     | app.core.database:redis_connect:201 - ✅️ Redis连接已关闭
2026-08-26 22:39:37.374 | INFO     | logging:callHandlers:1736 - Application shutdown complete.
2026-08-26 22:39:37.375 | INFO     | logging:callHandlers:1736 - Finished server process [28924]
2026-08-26 22:39:39.629 | INFO     | logging:callHandlers:1736 - Started server process [19316]
2026-08-26 22:39:39.630 | INFO     | logging:callHandlers:1736 - Waiting for application startup.
2026-08-26 22:39:39.637 | INFO     | app.scripts.initialize:init_db:119 - sa_system_user 已有数据，跳过 fssoa.sql 导入
2026-08-26 22:39:39.638 | INFO     | app.init_app:lifespan:26 - ✅ mysql数据库初始化完成
2026-08-26 22:39:41.658 | INFO     | app.init_app:lifespan:28 - ✅ 全局事件模块加载完成
2026-08-26 22:39:41.659 | INFO     | app.init_app:lifespan:32 - ✅ fastapi-admin-cache 初始化完成
2026-08-26 22:39:41.661 | WARNING  | app.init_app:lifespan:37 - 演示模式已开启：禁止 POST/PUT/PATCH/DELETE（登录/刷新/登出除外）
2026-08-26 22:39:41.662 | INFO     | app.init_app:lifespan:53 - ✅ 请求限流器初始化完成 (10000次/60秒)
2026-08-26 22:39:41.707 | INFO     | logging:callHandlers:1736 - Scheduler started
2026-08-26 22:39:43.734 | INFO     | app.core.ap_scheduler:_handle_job_added:362 - 任务 system_cleanup_operation_log (操作日志清理) 已添加到 default 存储器
2026-08-26 22:39:43.807 | INFO     | app.core.ap_scheduler:_cleanup_obsolete_pending_logs:811 - 清理了任务 system_cleanup_operation_log 的 1 条旧 pending 日志
2026-08-26 22:39:43.861 | INFO     | app.core.ap_scheduler:_create_job_log:849 - 执行日志创建成功: job_id=system_cleanup_operation_log, id=841
2026-08-26 22:39:43.861 | INFO     | app.core.ap_scheduler:_handle_job_added:375 - 任务 system_cleanup_operation_log 已创建初始 pending 状态日志
2026-08-26 22:39:43.864 | INFO     | logging:callHandlers:1736 - Added job "操作日志清理" to job store "default"
2026-08-26 22:39:43.864 | INFO     | app.core.ap_scheduler:_register_system_jobs:646 - 系统周期任务已注册 1 个
2026-08-26 22:39:43.865 | INFO     | app.init_app:lifespan:68 - ✅ APScheduler 初始化完成
2026-08-26 22:39:45.897 | INFO     | app.api.v1.module_platform.video.meta_queue:start:106 - MetaFetchQueue started workers=1 recover_on_start=False recovered=0
2026-08-26 22:39:45.902 | INFO     | app.api.v1.module_platform.video.downloader:start:144 - DownloadQueue started workers=2 recovered=0
2026-08-26 22:39:45.909 | INFO     | app.init_app:lifespan:86 - ✅ 视频队列已启动 (meta_recover_on_start=False, ytdlp_subprocess=True)
2026-08-26 22:39:45.952 | INFO     | logging:callHandlers:1736 - Application startup complete.
2026-08-26 22:40:49.322 | INFO     | app.core.middlewares:dispatch:88 - 请求: GET /api/task/cronjob/job/scheduler/jobs | client=127.0.0.1
2026-08-26 22:40:49.331 | ERROR    | logging:callHandlers:1736 - Unable to restore job "b'system_grace_reminder'" -- removing it | cid=41cbe4e4
Traceback (most recent call last):

  File "C:\Users\Administrator\Desktop\fssadmin_nestjs\FastAdmin\FssAdmin_Python\server\.venv\Lib\site-packages\apscheduler\util.py", line 317, in ref_to_obj
    obj = __import__(modulename, fromlist=[rest])
                     │                     └ 'TenantService.send_grace_reminders'
                     └ 'app.api.v1.module_platform.tenant.service'

ModuleNotFoundError: No module named 'app.api.v1.module_platform.tenant'


The above exception was the direct cause of the following exception:


Traceback (most recent call last):

  File "<string>", line 1, in <module>
    from multiprocessing.spawn import spawn_main; spawn_main(parent_pid=19756, pipe_handle=792)
                                      │           └ <function spawn_main at 0x0000023D2DC191C0>
                                      └ <function spawn_main at 0x0000023D2DC191C0>
  File "C:\Users\Administrator\AppData\Local\Programs\Python\Python313\Lib\multiprocessing\spawn.py", line 122, in spawn_main
    exitcode = _main(fd, parent_sentinel)
               │     │   └ 316
               │     └ 3
               └ <function _main at 0x0000023D2DC19260>
  File "C:\Users\Administrator\AppData\Local\Programs\Python\Python313\Lib\multiprocessing\spawn.py", line 135, in _main
    return self._bootstrap(parent_sentinel)
           │    │          └ 316
           │    └ <function BaseProcess._bootstrap at 0x0000023D2D921760>
           └ <SpawnProcess name='SpawnProcess-15' parent=19756 started>
  File "C:\Users\Administrator\AppData\Local\Programs\Python\Python313\Lib\multiprocessing\process.py", line 313, in _bootstrap
    self.run()
    │    └ <function BaseProcess.run at 0x0000023D2D920CC0>
    └ <SpawnProcess name='SpawnProcess-15' parent=19756 started>
  File "C:\Users\Administrator\AppData\Local\Programs\Python\Python313\Lib\multiprocessing\process.py", line 108, in run
    self._target(*self._args, **self._kwargs)
    │    │        │    │        │    └ {'config': <uvicorn.config.Config object at 0x0000023D2D926BA0>, 'target': <bound method Server.run of <uvicorn.server.Server...
    │    │        │    │        └ <SpawnProcess name='SpawnProcess-15' parent=19756 started>
    │    │        │    └ ()
    │    │        └ <SpawnProcess name='SpawnProcess-15' parent=19756 started>
    │    └ <function subprocess_started at 0x0000023D2FEF0CC0>
    └ <SpawnProcess name='SpawnProcess-15' parent=19756 started>
  File "C:\Users\Administrator\Desktop\fssadmin_nestjs\FastAdmin\FssAdmin_Python\server\.venv\Lib\site-packages\uvicorn\_subprocess.py", line 80, in subprocess_started
    target(sockets=sockets)
    │              └ [<socket.socket fd=584, family=2, type=1, proto=6, laddr=('127.0.0.1', 8001)>]
    └ <bound method Server.run of <uvicorn.server.Server object at 0x0000023D32F27230>>
  File "C:\Users\Administrator\Desktop\fssadmin_nestjs\FastAdmin\FssAdmin_Python\server\.venv\Lib\site-packages\uvicorn\server.py", line 75, in run
    return asyncio_run(self.serve(sockets=sockets), loop_factory=self.config.get_loop_factory())
           │           │    │             │                      │    │      └ <function Config.get_loop_factory at 0x0000023D2FEB0680>
           │           │    │             │                      │    └ <uvicorn.config.Config object at 0x0000023D2D926BA0>
           │           │    │             │                      └ <uvicorn.server.Server object at 0x0000023D32F27230>
           │           │    │             └ [<socket.socket fd=584, family=2, type=1, proto=6, laddr=('127.0.0.1', 8001)>]
           │           │    └ <function Server.serve at 0x0000023D2FEE7EC0>
           │           └ <uvicorn.server.Server object at 0x0000023D32F27230>
           └ <function run at 0x0000023D2FC3F560>
  File "C:\Users\Administrator\AppData\Local\Programs\Python\Python313\Lib\asyncio\runners.py", line 194, in run
    return runner.run(main)
           │      │   └ <coroutine object Server.serve at 0x0000023D2D77E7A0>
           │      └ <function Runner.run at 0x0000023D2FCB2CA0>
           └ <asyncio.runners.Runner object at 0x0000023D2D76FB60>
  File "C:\Users\Administrator\AppData\Local\Programs\Python\Python313\Lib\asyncio\runners.py", line 118, in run
    return self._loop.run_until_complete(task)
           │    │     │                  └ <Task pending name='Task-1' coro=<Server.serve() running at C:\Users\Administrator\Desktop\fssadmin_nestjs\FastAdmin\FssAdmin...
           │    │     └ <function BaseEventLoop.run_until_complete at 0x0000023D2FCB0680>
           │    └ <_WindowsSelectorEventLoop running=True closed=False debug=False>
           └ <asyncio.runners.Runner object at 0x0000023D2D76FB60>
  File "C:\Users\Administrator\AppData\Local\Programs\Python\Python313\Lib\asyncio\base_events.py", line 708, in run_until_complete
    self.run_forever()
    │    └ <function BaseEventLoop.run_forever at 0x0000023D2FCB05E0>
    └ <_WindowsSelectorEventLoop running=True closed=False debug=False>
  File "C:\Users\Administrator\AppData\Local\Programs\Python\Python313\Lib\asyncio\base_events.py", line 679, in run_forever
    self._run_once()
    │    └ <function BaseEventLoop._run_once at 0x0000023D2FCB23E0>
    └ <_WindowsSelectorEventLoop running=True closed=False debug=False>
  File "C:\Users\Administrator\AppData\Local\Programs\Python\Python313\Lib\asyncio\base_events.py", line 2027, in _run_once
    handle._run()
    │      └ <function Handle._run at 0x0000023D2FC2F7E0>
    └ <Handle Task.task_wakeup()>
  File "C:\Users\Administrator\AppData\Local\Programs\Python\Python313\Lib\asyncio\events.py", line 89, in _run
    self._context.run(self._callback, *self._args)
    │    │            │    │           │    └ <member '_args' of 'Handle' objects>
    │    │            │    │           └ <Handle Task.task_wakeup()>
    │    │            │    └ <member '_callback' of 'Handle' objects>
    │    │            └ <Handle Task.task_wakeup()>
    │    └ <member '_context' of 'Handle' objects>
    └ <Handle Task.task_wakeup()>
  File "C:\Users\Administrator\Desktop\fssadmin_nestjs\FastAdmin\FssAdmin_Python\server\.venv\Lib\site-packages\starlette\middleware\base.py", line 149, in coro
    await self.app(scope, receive_or_disconnect, send_no_error)
          │    │   │      │                      └ <function BaseHTTPMiddleware.__call__.<locals>.call_next.<locals>.send_no_error at 0x0000023D36135EE0>
          │    │   │      └ <function BaseHTTPMiddleware.__call__.<locals>.call_next.<locals>.receive_or_disconnect at 0x0000023D36135DA0>
          │    │   └ {'type': 'http', 'asgi': {'version': '3.0', 'spec_version': '2.3'}, 'http_version': '1.1', 'server': ('127.0.0.1', 8001), 'cl...
          │    └ <starlette.middleware.exceptions.ExceptionMiddleware object at 0x0000023D34953380>
          └ <app.core.middlewares.OperationLogMiddleware object at 0x0000023D349534D0>
  File "C:\Users\Administrator\Desktop\fssadmin_nestjs\FastAdmin\FssAdmin_Python\server\.venv\Lib\site-packages\starlette\middleware\exceptions.py", line 62, in __call__
    await wrap_app_handling_exceptions(self.app, conn)(scope, receive, send)
          │                            │    │    │     │      │        └ <function BaseHTTPMiddleware.__call__.<locals>.call_next.<locals>.send_no_error at 0x0000023D36135EE0>
          │                            │    │    │     │      └ <function BaseHTTPMiddleware.__call__.<locals>.call_next.<locals>.receive_or_disconnect at 0x0000023D36135DA0>
          │                            │    │    │     └ {'type': 'http', 'asgi': {'version': '3.0', 'spec_version': '2.3'}, 'http_version': '1.1', 'server': ('127.0.0.1', 8001), 'cl...
          │                            │    │    └ <starlette.requests.Request object at 0x0000023D36015FD0>
          │                            │    └ <fastapi.routing.APIRouter object at 0x0000023D33B81950>
          │                            └ <starlette.middleware.exceptions.ExceptionMiddleware object at 0x0000023D34953380>
          └ <function wrap_app_handling_exceptions at 0x0000023D32E37F60>
  File "C:\Users\Administrator\Desktop\fssadmin_nestjs\FastAdmin\FssAdmin_Python\server\.venv\Lib\site-packages\starlette\_exception_handler.py", line 51, in wrapped_app
    await app(scope, receive, sender)
          │   │      │        └ <function wrap_app_handling_exceptions.<locals>.wrapped_app.<locals>.sender at 0x0000023D361363E0>
          │   │      └ <function BaseHTTPMiddleware.__call__.<locals>.call_next.<locals>.receive_or_disconnect at 0x0000023D36135DA0>
          │   └ {'type': 'http', 'asgi': {'version': '3.0', 'spec_version': '2.3'}, 'http_version': '1.1', 'server': ('127.0.0.1', 8001), 'cl...
          └ <fastapi.routing.APIRouter object at 0x0000023D33B81950>
  File "C:\Users\Administrator\Desktop\fssadmin_nestjs\FastAdmin\FssAdmin_Python\server\.venv\Lib\site-packages\starlette\routing.py", line 715, in __call__
    await self.middleware_stack(scope, receive, send)
          │    │                │      │        └ <function wrap_app_handling_exceptions.<locals>.wrapped_app.<locals>.sender at 0x0000023D361363E0>
          │    │                │      └ <function BaseHTTPMiddleware.__call__.<locals>.call_next.<locals>.receive_or_disconnect at 0x0000023D36135DA0>
          │    │                └ {'type': 'http', 'asgi': {'version': '3.0', 'spec_version': '2.3'}, 'http_version': '1.1', 'server': ('127.0.0.1', 8001), 'cl...
          │    └ <bound method Router.app of <fastapi.routing.APIRouter object at 0x0000023D33B81950>>
          └ <fastapi.routing.APIRouter object at 0x0000023D33B81950>
  File "C:\Users\Administrator\Desktop\fssadmin_nestjs\FastAdmin\FssAdmin_Python\server\.venv\Lib\site-packages\starlette\routing.py", line 735, in app
    await route.handle(scope, receive, send)
          │     │      │      │        └ <function wrap_app_handling_exceptions.<locals>.wrapped_app.<locals>.sender at 0x0000023D361363E0>
          │     │      │      └ <function BaseHTTPMiddleware.__call__.<locals>.call_next.<locals>.receive_or_disconnect at 0x0000023D36135DA0>
          │     │      └ {'type': 'http', 'asgi': {'version': '3.0', 'spec_version': '2.3'}, 'http_version': '1.1', 'server': ('127.0.0.1', 8001), 'cl...
          │     └ <function Route.handle at 0x0000023D32E59760>
          └ OperationLogRoute(path='/task/cronjob/job/scheduler/jobs', name='get_scheduler_jobs_controller', methods=['GET'])
  File "C:\Users\Administrator\Desktop\fssadmin_nestjs\FastAdmin\FssAdmin_Python\server\.venv\Lib\site-packages\starlette\routing.py", line 288, in handle
    await self.app(scope, receive, send)
          │    │   │      │        └ <function wrap_app_handling_exceptions.<locals>.wrapped_app.<locals>.sender at 0x0000023D361363E0>
          │    │   │      └ <function BaseHTTPMiddleware.__call__.<locals>.call_next.<locals>.receive_or_disconnect at 0x0000023D36135DA0>
          │    │   └ {'type': 'http', 'asgi': {'version': '3.0', 'spec_version': '2.3'}, 'http_version': '1.1', 'server': ('127.0.0.1', 8001), 'cl...
          │    └ <function request_response.<locals>.app at 0x0000023D35ADE5C0>
          └ OperationLogRoute(path='/task/cronjob/job/scheduler/jobs', name='get_scheduler_jobs_controller', methods=['GET'])
  File "C:\Users\Administrator\Desktop\fssadmin_nestjs\FastAdmin\FssAdmin_Python\server\.venv\Lib\site-packages\starlette\routing.py", line 76, in app
    await wrap_app_handling_exceptions(app, request)(scope, receive, send)
          │                            │    │        │      │        └ <function wrap_app_handling_exceptions.<locals>.wrapped_app.<locals>.sender at 0x0000023D361363E0>
          │                            │    │        │      └ <function BaseHTTPMiddleware.__call__.<locals>.call_next.<locals>.receive_or_disconnect at 0x0000023D36135DA0>
          │                            │    │        └ {'type': 'http', 'asgi': {'version': '3.0', 'spec_version': '2.3'}, 'http_version': '1.1', 'server': ('127.0.0.1', 8001), 'cl...
          │                            │    └ <starlette.requests.Request object at 0x0000023D360F8410>
          │                            └ <function request_response.<locals>.app.<locals>.app at 0x0000023D36136480>
          └ <function wrap_app_handling_exceptions at 0x0000023D32E37F60>
  File "C:\Users\Administrator\Desktop\fssadmin_nestjs\FastAdmin\FssAdmin_Python\server\.venv\Lib\site-packages\starlette\_exception_handler.py", line 51, in wrapped_app
    await app(scope, receive, sender)
          │   │      │        └ <function wrap_app_handling_exceptions.<locals>.wrapped_app.<locals>.sender at 0x0000023D361365C0>
          │   │      └ <function BaseHTTPMiddleware.__call__.<locals>.call_next.<locals>.receive_or_disconnect at 0x0000023D36135DA0>
          │   └ {'type': 'http', 'asgi': {'version': '3.0', 'spec_version': '2.3'}, 'http_version': '1.1', 'server': ('127.0.0.1', 8001), 'cl...
          └ <function request_response.<locals>.app.<locals>.app at 0x0000023D36136480>
  File "C:\Users\Administrator\Desktop\fssadmin_nestjs\FastAdmin\FssAdmin_Python\server\.venv\Lib\site-packages\starlette\routing.py", line 73, in app
    response = await f(request)
                     │ └ <starlette.requests.Request object at 0x0000023D360F8410>
                     └ <function get_request_handler.<locals>.app at 0x0000023D35ADE520>
  File "C:\Users\Administrator\Desktop\fssadmin_nestjs\FastAdmin\FssAdmin_Python\server\.venv\Lib\site-packages\fastapi\routing.py", line 301, in app
    raw_response = await run_endpoint_function(
                         └ <function run_endpoint_function at 0x0000023D32E59260>
  File "C:\Users\Administrator\Desktop\fssadmin_nestjs\FastAdmin\FssAdmin_Python\server\.venv\Lib\site-packages\fastapi\routing.py", line 212, in run_endpoint_function
    return await dependant.call(**values)
                 │         │      └ {}
                 │         └ <function get_scheduler_jobs_controller at 0x0000023D34A0C4A0>
                 └ Dependant(path_params=[], query_params=[], header_params=[], cookie_params=[], body_params=[], dependencies=[Dependant(path_p...

  File "C:\Users\Administrator\Desktop\fssadmin_nestjs\FastAdmin\FssAdmin_Python\server\app\plugin\module_task\cronjob\job\controller.py", line 37, in get_scheduler_jobs_controller
    data = JobService.get_scheduler_jobs()
           │          └ <staticmethod(<function JobService.get_scheduler_jobs at 0x0000023D34A0C360>)>
           └ <class 'app.plugin.module_task.cronjob.job.service.JobService'>

  File "C:\Users\Administrator\Desktop\fssadmin_nestjs\FastAdmin\FssAdmin_Python\server\app\plugin\module_task\cronjob\job\service.py", line 104, in get_scheduler_jobs
    jobs = SchedulerUtil.get_all_jobs()
           │             └ <classmethod(<function SchedulerUtil.get_all_jobs at 0x0000023D349D0F40>)>
           └ <class 'app.core.ap_scheduler.SchedulerUtil'>

  File "C:\Users\Administrator\Desktop\fssadmin_nestjs\FastAdmin\FssAdmin_Python\server\app\core\ap_scheduler.py", line 1373, in get_all_jobs
    return scheduler.get_jobs()
           │         └ <function BaseScheduler.get_jobs at 0x0000023D3493B2E0>
           └ <apscheduler.schedulers.asyncio.AsyncIOScheduler object at 0x0000023D342AB620>

  File "C:\Users\Administrator\Desktop\fssadmin_nestjs\FastAdmin\FssAdmin_Python\server\.venv\Lib\site-packages\apscheduler\schedulers\base.py", line 671, in get_jobs
    jobs.extend(store.get_all_jobs())
    │    │      │     └ <function RedisJobStore.get_all_jobs at 0x0000023D34927A60>
    │    │      └ <RedisJobStore>
    │    └ <method 'extend' of 'list' objects>
    └ []
  File "C:\Users\Administrator\Desktop\fssadmin_nestjs\FastAdmin\FssAdmin_Python\server\.venv\Lib\site-packages\apscheduler\jobstores\redis.py", line 69, in get_all_jobs
    jobs = self._reconstitute_jobs(job_states.items())
           │    │                  │          └ <method 'items' of 'dict' objects>
           │    │                  └ {b'system_cleanup_operation_log': b'\x80\x05\x95Y\x04\x00\x00\x00\x00\x00\x00}\x94(\x8c\x07version\x94K\x01\x8c\x02id\x94\x8c...
           │    └ <function RedisJobStore._reconstitute_jobs at 0x0000023D34927EC0>
           └ <RedisJobStore>
> File "C:\Users\Administrator\Desktop\fssadmin_nestjs\FastAdmin\FssAdmin_Python\server\.venv\Lib\site-packages\apscheduler\jobstores\redis.py", line 143, in _reconstitute_jobs
    jobs.append(self._reconstitute_job(job_state))
    │    │      │    │                 └ b'\x80\x05\x95R\x04\x00\x00\x00\x00\x00\x00}\x94(\x8c\x07version\x94K\x01\x8c\x02id\x94\x8c\x15system_grace_reminder\x94\x8c\...
    │    │      │    └ <function RedisJobStore._reconstitute_job at 0x0000023D34927E20>
    │    │      └ <RedisJobStore>
    │    └ <method 'append' of 'list' objects>
    └ [<Job (id=system_cleanup_operation_log name=操作日志清理)>]
  File "C:\Users\Administrator\Desktop\fssadmin_nestjs\FastAdmin\FssAdmin_Python\server\.venv\Lib\site-packages\apscheduler\jobstores\redis.py", line 133, in _reconstitute_job
    job.__setstate__(job_state)
    │   │            └ {'version': 1, 'id': 'system_grace_reminder', 'func': 'app.api.v1.module_platform.tenant.service:TenantService.send_grace_rem...
    │   └ <function Job.__setstate__ at 0x0000023D34925EE0>
    └ <unprintable Job object>
  File "C:\Users\Administrator\Desktop\fssadmin_nestjs\FastAdmin\FssAdmin_Python\server\.venv\Lib\site-packages\apscheduler\job.py", line 301, in __setstate__
    self.func = ref_to_obj(self.func_ref)
    │    │      │          │    └ <member 'func_ref' of 'Job' objects>
    │    │      │          └ <unprintable Job object>
    │    │      └ <function ref_to_obj at 0x0000023D34900E00>
    │    └ <member 'func' of 'Job' objects>
    └ <unprintable Job object>
  File "C:\Users\Administrator\Desktop\fssadmin_nestjs\FastAdmin\FssAdmin_Python\server\.venv\Lib\site-packages\apscheduler\util.py", line 319, in ref_to_obj
    raise LookupError(

LookupError: Error resolving reference app.api.v1.module_platform.tenant.service:TenantService.send_grace_reminders: could not import module
2026-08-26 22:40:49.346 | ERROR    | logging:callHandlers:1736 - Unable to restore job "b'system_tenant_expiry_check'" -- removing it | cid=41cbe4e4
Traceback (most recent call last):

  File "C:\Users\Administrator\Desktop\fssadmin_nestjs\FastAdmin\FssAdmin_Python\server\.venv\Lib\site-packages\apscheduler\util.py", line 317, in ref_to_obj
    obj = __import__(modulename, fromlist=[rest])
                     │                     └ 'TenantService.check_tenant_expiry'
                     └ 'app.api.v1.module_platform.tenant.service'

ModuleNotFoundError: No module named 'app.api.v1.module_platform.tenant'


The above exception was the direct cause of the following exception:


Traceback (most recent call last):

  File "<string>", line 1, in <module>
    from multiprocessing.spawn import spawn_main; spawn_main(parent_pid=19756, pipe_handle=792)
                                      │           └ <function spawn_main at 0x0000023D2DC191C0>
                                      └ <function spawn_main at 0x0000023D2DC191C0>
  File "C:\Users\Administrator\AppData\Local\Programs\Python\Python313\Lib\multiprocessing\spawn.py", line 122, in spawn_main
    exitcode = _main(fd, parent_sentinel)
               │     │   └ 316
               │     └ 3
               └ <function _main at 0x0000023D2DC19260>
  File "C:\Users\Administrator\AppData\Local\Programs\Python\Python313\Lib\multiprocessing\spawn.py", line 135, in _main
    return self._bootstrap(parent_sentinel)
           │    │          └ 316
           │    └ <function BaseProcess._bootstrap at 0x0000023D2D921760>
           └ <SpawnProcess name='SpawnProcess-15' parent=19756 started>
  File "C:\Users\Administrator\AppData\Local\Programs\Python\Python313\Lib\multiprocessing\process.py", line 313, in _bootstrap
    self.run()
    │    └ <function BaseProcess.run at 0x0000023D2D920CC0>
    └ <SpawnProcess name='SpawnProcess-15' parent=19756 started>
  File "C:\Users\Administrator\AppData\Local\Programs\Python\Python313\Lib\multiprocessing\process.py", line 108, in run
    self._target(*self._args, **self._kwargs)
    │    │        │    │        │    └ {'config': <uvicorn.config.Config object at 0x0000023D2D926BA0>, 'target': <bound method Server.run of <uvicorn.server.Server...
    │    │        │    │        └ <SpawnProcess name='SpawnProcess-15' parent=19756 started>
    │    │        │    └ ()
    │    │        └ <SpawnProcess name='SpawnProcess-15' parent=19756 started>
    │    └ <function subprocess_started at 0x0000023D2FEF0CC0>
    └ <SpawnProcess name='SpawnProcess-15' parent=19756 started>
  File "C:\Users\Administrator\Desktop\fssadmin_nestjs\FastAdmin\FssAdmin_Python\server\.venv\Lib\site-packages\uvicorn\_subprocess.py", line 80, in subprocess_started
    target(sockets=sockets)
    │              └ [<socket.socket fd=584, family=2, type=1, proto=6, laddr=('127.0.0.1', 8001)>]
    └ <bound method Server.run of <uvicorn.server.Server object at 0x0000023D32F27230>>
  File "C:\Users\Administrator\Desktop\fssadmin_nestjs\FastAdmin\FssAdmin_Python\server\.venv\Lib\site-packages\uvicorn\server.py", line 75, in run
    return asyncio_run(self.serve(sockets=sockets), loop_factory=self.config.get_loop_factory())
           │           │    │             │                      │    │      └ <function Config.get_loop_factory at 0x0000023D2FEB0680>
           │           │    │             │                      │    └ <uvicorn.config.Config object at 0x0000023D2D926BA0>
           │           │    │             │                      └ <uvicorn.server.Server object at 0x0000023D32F27230>
           │           │    │             └ [<socket.socket fd=584, family=2, type=1, proto=6, laddr=('127.0.0.1', 8001)>]
           │           │    └ <function Server.serve at 0x0000023D2FEE7EC0>
           │           └ <uvicorn.server.Server object at 0x0000023D32F27230>
           └ <function run at 0x0000023D2FC3F560>
  File "C:\Users\Administrator\AppData\Local\Programs\Python\Python313\Lib\asyncio\runners.py", line 194, in run
    return runner.run(main)
           │      │   └ <coroutine object Server.serve at 0x0000023D2D77E7A0>
           │      └ <function Runner.run at 0x0000023D2FCB2CA0>
           └ <asyncio.runners.Runner object at 0x0000023D2D76FB60>
  File "C:\Users\Administrator\AppData\Local\Programs\Python\Python313\Lib\asyncio\runners.py", line 118, in run
    return self._loop.run_until_complete(task)
           │    │     │                  └ <Task pending name='Task-1' coro=<Server.serve() running at C:\Users\Administrator\Desktop\fssadmin_nestjs\FastAdmin\FssAdmin...
           │    │     └ <function BaseEventLoop.run_until_complete at 0x0000023D2FCB0680>
           │    └ <_WindowsSelectorEventLoop running=True closed=False debug=False>
           └ <asyncio.runners.Runner object at 0x0000023D2D76FB60>
  File "C:\Users\Administrator\AppData\Local\Programs\Python\Python313\Lib\asyncio\base_events.py", line 708, in run_until_complete
    self.run_forever()
    │    └ <function BaseEventLoop.run_forever at 0x0000023D2FCB05E0>
    └ <_WindowsSelectorEventLoop running=True closed=False debug=False>
  File "C:\Users\Administrator\AppData\Local\Programs\Python\Python313\Lib\asyncio\base_events.py", line 679, in run_forever
    self._run_once()
    │    └ <function BaseEventLoop._run_once at 0x0000023D2FCB23E0>
    └ <_WindowsSelectorEventLoop running=True closed=False debug=False>
  File "C:\Users\Administrator\AppData\Local\Programs\Python\Python313\Lib\asyncio\base_events.py", line 2027, in _run_once
    handle._run()
    │      └ <function Handle._run at 0x0000023D2FC2F7E0>
    └ <Handle Task.task_wakeup()>
  File "C:\Users\Administrator\AppData\Local\Programs\Python\Python313\Lib\asyncio\events.py", line 89, in _run
    self._context.run(self._callback, *self._args)
    │    │            │    │           │    └ <member '_args' of 'Handle' objects>
    │    │            │    │           └ <Handle Task.task_wakeup()>
    │    │            │    └ <member '_callback' of 'Handle' objects>
    │    │            └ <Handle Task.task_wakeup()>
    │    └ <member '_context' of 'Handle' objects>
    └ <Handle Task.task_wakeup()>
  File "C:\Users\Administrator\Desktop\fssadmin_nestjs\FastAdmin\FssAdmin_Python\server\.venv\Lib\site-packages\starlette\middleware\base.py", line 149, in coro
    await self.app(scope, receive_or_disconnect, send_no_error)
          │    │   │      │                      └ <function BaseHTTPMiddleware.__call__.<locals>.call_next.<locals>.send_no_error at 0x0000023D36135EE0>
          │    │   │      └ <function BaseHTTPMiddleware.__call__.<locals>.call_next.<locals>.receive_or_disconnect at 0x0000023D36135DA0>
          │    │   └ {'type': 'http', 'asgi': {'version': '3.0', 'spec_version': '2.3'}, 'http_version': '1.1', 'server': ('127.0.0.1', 8001), 'cl...
          │    └ <starlette.middleware.exceptions.ExceptionMiddleware object at 0x0000023D34953380>
          └ <app.core.middlewares.OperationLogMiddleware object at 0x0000023D349534D0>
  File "C:\Users\Administrator\Desktop\fssadmin_nestjs\FastAdmin\FssAdmin_Python\server\.venv\Lib\site-packages\starlette\middleware\exceptions.py", line 62, in __call__
    await wrap_app_handling_exceptions(self.app, conn)(scope, receive, send)
          │                            │    │    │     │      │        └ <function BaseHTTPMiddleware.__call__.<locals>.call_next.<locals>.send_no_error at 0x0000023D36135EE0>
          │                            │    │    │     │      └ <function BaseHTTPMiddleware.__call__.<locals>.call_next.<locals>.receive_or_disconnect at 0x0000023D36135DA0>
          │                            │    │    │     └ {'type': 'http', 'asgi': {'version': '3.0', 'spec_version': '2.3'}, 'http_version': '1.1', 'server': ('127.0.0.1', 8001), 'cl...
          │                            │    │    └ <starlette.requests.Request object at 0x0000023D36015FD0>
          │                            │    └ <fastapi.routing.APIRouter object at 0x0000023D33B81950>
          │                            └ <starlette.middleware.exceptions.ExceptionMiddleware object at 0x0000023D34953380>
          └ <function wrap_app_handling_exceptions at 0x0000023D32E37F60>
  File "C:\Users\Administrator\Desktop\fssadmin_nestjs\FastAdmin\FssAdmin_Python\server\.venv\Lib\site-packages\starlette\_exception_handler.py", line 51, in wrapped_app
    await app(scope, receive, sender)
          │   │      │        └ <function wrap_app_handling_exceptions.<locals>.wrapped_app.<locals>.sender at 0x0000023D361363E0>
          │   │      └ <function BaseHTTPMiddleware.__call__.<locals>.call_next.<locals>.receive_or_disconnect at 0x0000023D36135DA0>
          │   └ {'type': 'http', 'asgi': {'version': '3.0', 'spec_version': '2.3'}, 'http_version': '1.1', 'server': ('127.0.0.1', 8001), 'cl...
          └ <fastapi.routing.APIRouter object at 0x0000023D33B81950>
  File "C:\Users\Administrator\Desktop\fssadmin_nestjs\FastAdmin\FssAdmin_Python\server\.venv\Lib\site-packages\starlette\routing.py", line 715, in __call__
    await self.middleware_stack(scope, receive, send)
          │    │                │      │        └ <function wrap_app_handling_exceptions.<locals>.wrapped_app.<locals>.sender at 0x0000023D361363E0>
          │    │                │      └ <function BaseHTTPMiddleware.__call__.<locals>.call_next.<locals>.receive_or_disconnect at 0x0000023D36135DA0>
          │    │                └ {'type': 'http', 'asgi': {'version': '3.0', 'spec_version': '2.3'}, 'http_version': '1.1', 'server': ('127.0.0.1', 8001), 'cl...
          │    └ <bound method Router.app of <fastapi.routing.APIRouter object at 0x0000023D33B81950>>
          └ <fastapi.routing.APIRouter object at 0x0000023D33B81950>
  File "C:\Users\Administrator\Desktop\fssadmin_nestjs\FastAdmin\FssAdmin_Python\server\.venv\Lib\site-packages\starlette\routing.py", line 735, in app
    await route.handle(scope, receive, send)
          │     │      │      │        └ <function wrap_app_handling_exceptions.<locals>.wrapped_app.<locals>.sender at 0x0000023D361363E0>
          │     │      │      └ <function BaseHTTPMiddleware.__call__.<locals>.call_next.<locals>.receive_or_disconnect at 0x0000023D36135DA0>
          │     │      └ {'type': 'http', 'asgi': {'version': '3.0', 'spec_version': '2.3'}, 'http_version': '1.1', 'server': ('127.0.0.1', 8001), 'cl...
          │     └ <function Route.handle at 0x0000023D32E59760>
          └ OperationLogRoute(path='/task/cronjob/job/scheduler/jobs', name='get_scheduler_jobs_controller', methods=['GET'])
  File "C:\Users\Administrator\Desktop\fssadmin_nestjs\FastAdmin\FssAdmin_Python\server\.venv\Lib\site-packages\starlette\routing.py", line 288, in handle
    await self.app(scope, receive, send)
          │    │   │      │        └ <function wrap_app_handling_exceptions.<locals>.wrapped_app.<locals>.sender at 0x0000023D361363E0>
          │    │   │      └ <function BaseHTTPMiddleware.__call__.<locals>.call_next.<locals>.receive_or_disconnect at 0x0000023D36135DA0>
          │    │   └ {'type': 'http', 'asgi': {'version': '3.0', 'spec_version': '2.3'}, 'http_version': '1.1', 'server': ('127.0.0.1', 8001), 'cl...
          │    └ <function request_response.<locals>.app at 0x0000023D35ADE5C0>
          └ OperationLogRoute(path='/task/cronjob/job/scheduler/jobs', name='get_scheduler_jobs_controller', methods=['GET'])
  File "C:\Users\Administrator\Desktop\fssadmin_nestjs\FastAdmin\FssAdmin_Python\server\.venv\Lib\site-packages\starlette\routing.py", line 76, in app
    await wrap_app_handling_exceptions(app, request)(scope, receive, send)
          │                            │    │        │      │        └ <function wrap_app_handling_exceptions.<locals>.wrapped_app.<locals>.sender at 0x0000023D361363E0>
          │                            │    │        │      └ <function BaseHTTPMiddleware.__call__.<locals>.call_next.<locals>.receive_or_disconnect at 0x0000023D36135DA0>
          │                            │    │        └ {'type': 'http', 'asgi': {'version': '3.0', 'spec_version': '2.3'}, 'http_version': '1.1', 'server': ('127.0.0.1', 8001), 'cl...
          │                            │    └ <starlette.requests.Request object at 0x0000023D360F8410>
          │                            └ <function request_response.<locals>.app.<locals>.app at 0x0000023D36136480>
          └ <function wrap_app_handling_exceptions at 0x0000023D32E37F60>
  File "C:\Users\Administrator\Desktop\fssadmin_nestjs\FastAdmin\FssAdmin_Python\server\.venv\Lib\site-packages\starlette\_exception_handler.py", line 51, in wrapped_app
    await app(scope, receive, sender)
          │   │      │        └ <function wrap_app_handling_exceptions.<locals>.wrapped_app.<locals>.sender at 0x0000023D361365C0>
          │   │      └ <function BaseHTTPMiddleware.__call__.<locals>.call_next.<locals>.receive_or_disconnect at 0x0000023D36135DA0>
          │   └ {'type': 'http', 'asgi': {'version': '3.0', 'spec_version': '2.3'}, 'http_version': '1.1', 'server': ('127.0.0.1', 8001), 'cl...
          └ <function request_response.<locals>.app.<locals>.app at 0x0000023D36136480>
  File "C:\Users\Administrator\Desktop\fssadmin_nestjs\FastAdmin\FssAdmin_Python\server\.venv\Lib\site-packages\starlette\routing.py", line 73, in app
    response = await f(request)
                     │ └ <starlette.requests.Request object at 0x0000023D360F8410>
                     └ <function get_request_handler.<locals>.app at 0x0000023D35ADE520>
  File "C:\Users\Administrator\Desktop\fssadmin_nestjs\FastAdmin\FssAdmin_Python\server\.venv\Lib\site-packages\fastapi\routing.py", line 301, in app
    raw_response = await run_endpoint_function(
                         └ <function run_endpoint_function at 0x0000023D32E59260>
  File "C:\Users\Administrator\Desktop\fssadmin_nestjs\FastAdmin\FssAdmin_Python\server\.venv\Lib\site-packages\fastapi\routing.py", line 212, in run_endpoint_function
    return await dependant.call(**values)
                 │         │      └ {}
                 │         └ <function get_scheduler_jobs_controller at 0x0000023D34A0C4A0>
                 └ Dependant(path_params=[], query_params=[], header_params=[], cookie_params=[], body_params=[], dependencies=[Dependant(path_p...

  File "C:\Users\Administrator\Desktop\fssadmin_nestjs\FastAdmin\FssAdmin_Python\server\app\plugin\module_task\cronjob\job\controller.py", line 37, in get_scheduler_jobs_controller
    data = JobService.get_scheduler_jobs()
           │          └ <staticmethod(<function JobService.get_scheduler_jobs at 0x0000023D34A0C360>)>
           └ <class 'app.plugin.module_task.cronjob.job.service.JobService'>

  File "C:\Users\Administrator\Desktop\fssadmin_nestjs\FastAdmin\FssAdmin_Python\server\app\plugin\module_task\cronjob\job\service.py", line 104, in get_scheduler_jobs
    jobs = SchedulerUtil.get_all_jobs()
           │             └ <classmethod(<function SchedulerUtil.get_all_jobs at 0x0000023D349D0F40>)>
           └ <class 'app.core.ap_scheduler.SchedulerUtil'>

  File "C:\Users\Administrator\Desktop\fssadmin_nestjs\FastAdmin\FssAdmin_Python\server\app\core\ap_scheduler.py", line 1373, in get_all_jobs
    return scheduler.get_jobs()
           │         └ <function BaseScheduler.get_jobs at 0x0000023D3493B2E0>
           └ <apscheduler.schedulers.asyncio.AsyncIOScheduler object at 0x0000023D342AB620>

  File "C:\Users\Administrator\Desktop\fssadmin_nestjs\FastAdmin\FssAdmin_Python\server\.venv\Lib\site-packages\apscheduler\schedulers\base.py", line 671, in get_jobs
    jobs.extend(store.get_all_jobs())
    │    │      │     └ <function RedisJobStore.get_all_jobs at 0x0000023D34927A60>
    │    │      └ <RedisJobStore>
    │    └ <method 'extend' of 'list' objects>
    └ []
  File "C:\Users\Administrator\Desktop\fssadmin_nestjs\FastAdmin\FssAdmin_Python\server\.venv\Lib\site-packages\apscheduler\jobstores\redis.py", line 69, in get_all_jobs
    jobs = self._reconstitute_jobs(job_states.items())
           │    │                  │          └ <method 'items' of 'dict' objects>
           │    │                  └ {b'system_cleanup_operation_log': b'\x80\x05\x95Y\x04\x00\x00\x00\x00\x00\x00}\x94(\x8c\x07version\x94K\x01\x8c\x02id\x94\x8c...
           │    └ <function RedisJobStore._reconstitute_jobs at 0x0000023D34927EC0>
           └ <RedisJobStore>
> File "C:\Users\Administrator\Desktop\fssadmin_nestjs\FastAdmin\FssAdmin_Python\server\.venv\Lib\site-packages\apscheduler\jobstores\redis.py", line 143, in _reconstitute_jobs
    jobs.append(self._reconstitute_job(job_state))
    │    │      │    │                 └ b'\x80\x05\x95D\x02\x00\x00\x00\x00\x00\x00}\x94(\x8c\x07version\x94K\x01\x8c\x02id\x94\x8c\x1asystem_tenant_expiry_check\x94...
    │    │      │    └ <function RedisJobStore._reconstitute_job at 0x0000023D34927E20>
    │    │      └ <RedisJobStore>
    │    └ <method 'append' of 'list' objects>
    └ [<Job (id=system_cleanup_operation_log name=操作日志清理)>]
  File "C:\Users\Administrator\Desktop\fssadmin_nestjs\FastAdmin\FssAdmin_Python\server\.venv\Lib\site-packages\apscheduler\jobstores\redis.py", line 133, in _reconstitute_job
    job.__setstate__(job_state)
    │   │            └ {'version': 1, 'id': 'system_tenant_expiry_check', 'func': 'app.api.v1.module_platform.tenant.service:TenantService.check_ten...
    │   └ <function Job.__setstate__ at 0x0000023D34925EE0>
    └ <unprintable Job object>
  File "C:\Users\Administrator\Desktop\fssadmin_nestjs\FastAdmin\FssAdmin_Python\server\.venv\Lib\site-packages\apscheduler\job.py", line 301, in __setstate__
    self.func = ref_to_obj(self.func_ref)
    │    │      │          │    └ <member 'func_ref' of 'Job' objects>
    │    │      │          └ <unprintable Job object>
    │    │      └ <function ref_to_obj at 0x0000023D34900E00>
    │    └ <member 'func' of 'Job' objects>
    └ <unprintable Job object>
  File "C:\Users\Administrator\Desktop\fssadmin_nestjs\FastAdmin\FssAdmin_Python\server\.venv\Lib\site-packages\apscheduler\util.py", line 319, in ref_to_obj
    raise LookupError(

LookupError: Error resolving reference app.api.v1.module_platform.tenant.service:TenantService.check_tenant_expiry: could not import module
2026-08-26 22:40:49.364 | ERROR    | logging:callHandlers:1736 - Unable to restore job "b'system_clean_expired'" -- removing it | cid=41cbe4e4
Traceback (most recent call last):

  File "C:\Users\Administrator\Desktop\fssadmin_nestjs\FastAdmin\FssAdmin_Python\server\.venv\Lib\site-packages\apscheduler\util.py", line 317, in ref_to_obj
    obj = __import__(modulename, fromlist=[rest])
                     │                     └ 'TenantService.clean_expired_tenants'
                     └ 'app.api.v1.module_platform.tenant.service'

ModuleNotFoundError: No module named 'app.api.v1.module_platform.tenant'


The above exception was the direct cause of the following exception:


Traceback (most recent call last):

  File "<string>", line 1, in <module>
    from multiprocessing.spawn import spawn_main; spawn_main(parent_pid=19756, pipe_handle=792)
                                      │           └ <function spawn_main at 0x0000023D2DC191C0>
                                      └ <function spawn_main at 0x0000023D2DC191C0>
  File "C:\Users\Administrator\AppData\Local\Programs\Python\Python313\Lib\multiprocessing\spawn.py", line 122, in spawn_main
    exitcode = _main(fd, parent_sentinel)
               │     │   └ 316
               │     └ 3
               └ <function _main at 0x0000023D2DC19260>
  File "C:\Users\Administrator\AppData\Local\Programs\Python\Python313\Lib\multiprocessing\spawn.py", line 135, in _main
    return self._bootstrap(parent_sentinel)
           │    │          └ 316
           │    └ <function BaseProcess._bootstrap at 0x0000023D2D921760>
           └ <SpawnProcess name='SpawnProcess-15' parent=19756 started>
  File "C:\Users\Administrator\AppData\Local\Programs\Python\Python313\Lib\multiprocessing\process.py", line 313, in _bootstrap
    self.run()
    │    └ <function BaseProcess.run at 0x0000023D2D920CC0>
    └ <SpawnProcess name='SpawnProcess-15' parent=19756 started>
  File "C:\Users\Administrator\AppData\Local\Programs\Python\Python313\Lib\multiprocessing\process.py", line 108, in run
    self._target(*self._args, **self._kwargs)
    │    │        │    │        │    └ {'config': <uvicorn.config.Config object at 0x0000023D2D926BA0>, 'target': <bound method Server.run of <uvicorn.server.Server...
    │    │        │    │        └ <SpawnProcess name='SpawnProcess-15' parent=19756 started>
    │    │        │    └ ()
    │    │        └ <SpawnProcess name='SpawnProcess-15' parent=19756 started>
    │    └ <function subprocess_started at 0x0000023D2FEF0CC0>
    └ <SpawnProcess name='SpawnProcess-15' parent=19756 started>
  File "C:\Users\Administrator\Desktop\fssadmin_nestjs\FastAdmin\FssAdmin_Python\server\.venv\Lib\site-packages\uvicorn\_subprocess.py", line 80, in subprocess_started
    target(sockets=sockets)
    │              └ [<socket.socket fd=584, family=2, type=1, proto=6, laddr=('127.0.0.1', 8001)>]
    └ <bound method Server.run of <uvicorn.server.Server object at 0x0000023D32F27230>>
  File "C:\Users\Administrator\Desktop\fssadmin_nestjs\FastAdmin\FssAdmin_Python\server\.venv\Lib\site-packages\uvicorn\server.py", line 75, in run
    return asyncio_run(self.serve(sockets=sockets), loop_factory=self.config.get_loop_factory())
           │           │    │             │                      │    │      └ <function Config.get_loop_factory at 0x0000023D2FEB0680>
           │           │    │             │                      │    └ <uvicorn.config.Config object at 0x0000023D2D926BA0>
           │           │    │             │                      └ <uvicorn.server.Server object at 0x0000023D32F27230>
           │           │    │             └ [<socket.socket fd=584, family=2, type=1, proto=6, laddr=('127.0.0.1', 8001)>]
           │           │    └ <function Server.serve at 0x0000023D2FEE7EC0>
           │           └ <uvicorn.server.Server object at 0x0000023D32F27230>
           └ <function run at 0x0000023D2FC3F560>
  File "C:\Users\Administrator\AppData\Local\Programs\Python\Python313\Lib\asyncio\runners.py", line 194, in run
    return runner.run(main)
           │      │   └ <coroutine object Server.serve at 0x0000023D2D77E7A0>
           │      └ <function Runner.run at 0x0000023D2FCB2CA0>
           └ <asyncio.runners.Runner object at 0x0000023D2D76FB60>
  File "C:\Users\Administrator\AppData\Local\Programs\Python\Python313\Lib\asyncio\runners.py", line 118, in run
    return self._loop.run_until_complete(task)
           │    │     │                  └ <Task pending name='Task-1' coro=<Server.serve() running at C:\Users\Administrator\Desktop\fssadmin_nestjs\FastAdmin\FssAdmin...
           │    │     └ <function BaseEventLoop.run_until_complete at 0x0000023D2FCB0680>
           │    └ <_WindowsSelectorEventLoop running=True closed=False debug=False>
           └ <asyncio.runners.Runner object at 0x0000023D2D76FB60>
  File "C:\Users\Administrator\AppData\Local\Programs\Python\Python313\Lib\asyncio\base_events.py", line 708, in run_until_complete
    self.run_forever()
    │    └ <function BaseEventLoop.run_forever at 0x0000023D2FCB05E0>
    └ <_WindowsSelectorEventLoop running=True closed=False debug=False>
  File "C:\Users\Administrator\AppData\Local\Programs\Python\Python313\Lib\asyncio\base_events.py", line 679, in run_forever
    self._run_once()
    │    └ <function BaseEventLoop._run_once at 0x0000023D2FCB23E0>
    └ <_WindowsSelectorEventLoop running=True closed=False debug=False>
  File "C:\Users\Administrator\AppData\Local\Programs\Python\Python313\Lib\asyncio\base_events.py", line 2027, in _run_once
    handle._run()
    │      └ <function Handle._run at 0x0000023D2FC2F7E0>
    └ <Handle Task.task_wakeup()>
  File "C:\Users\Administrator\AppData\Local\Programs\Python\Python313\Lib\asyncio\events.py", line 89, in _run
    self._context.run(self._callback, *self._args)
    │    │            │    │           │    └ <member '_args' of 'Handle' objects>
    │    │            │    │           └ <Handle Task.task_wakeup()>
    │    │            │    └ <member '_callback' of 'Handle' objects>
    │    │            └ <Handle Task.task_wakeup()>
    │    └ <member '_context' of 'Handle' objects>
    └ <Handle Task.task_wakeup()>
  File "C:\Users\Administrator\Desktop\fssadmin_nestjs\FastAdmin\FssAdmin_Python\server\.venv\Lib\site-packages\starlette\middleware\base.py", line 149, in coro
    await self.app(scope, receive_or_disconnect, send_no_error)
          │    │   │      │                      └ <function BaseHTTPMiddleware.__call__.<locals>.call_next.<locals>.send_no_error at 0x0000023D36135EE0>
          │    │   │      └ <function BaseHTTPMiddleware.__call__.<locals>.call_next.<locals>.receive_or_disconnect at 0x0000023D36135DA0>
          │    │   └ {'type': 'http', 'asgi': {'version': '3.0', 'spec_version': '2.3'}, 'http_version': '1.1', 'server': ('127.0.0.1', 8001), 'cl...
          │    └ <starlette.middleware.exceptions.ExceptionMiddleware object at 0x0000023D34953380>
          └ <app.core.middlewares.OperationLogMiddleware object at 0x0000023D349534D0>
  File "C:\Users\Administrator\Desktop\fssadmin_nestjs\FastAdmin\FssAdmin_Python\server\.venv\Lib\site-packages\starlette\middleware\exceptions.py", line 62, in __call__
    await wrap_app_handling_exceptions(self.app, conn)(scope, receive, send)
          │                            │    │    │     │      │        └ <function BaseHTTPMiddleware.__call__.<locals>.call_next.<locals>.send_no_error at 0x0000023D36135EE0>
          │                            │    │    │     │      └ <function BaseHTTPMiddleware.__call__.<locals>.call_next.<locals>.receive_or_disconnect at 0x0000023D36135DA0>
          │                            │    │    │     └ {'type': 'http', 'asgi': {'version': '3.0', 'spec_version': '2.3'}, 'http_version': '1.1', 'server': ('127.0.0.1', 8001), 'cl...
          │                            │    │    └ <starlette.requests.Request object at 0x0000023D36015FD0>
          │                            │    └ <fastapi.routing.APIRouter object at 0x0000023D33B81950>
          │                            └ <starlette.middleware.exceptions.ExceptionMiddleware object at 0x0000023D34953380>
          └ <function wrap_app_handling_exceptions at 0x0000023D32E37F60>
  File "C:\Users\Administrator\Desktop\fssadmin_nestjs\FastAdmin\FssAdmin_Python\server\.venv\Lib\site-packages\starlette\_exception_handler.py", line 51, in wrapped_app
    await app(scope, receive, sender)
          │   │      │        └ <function wrap_app_handling_exceptions.<locals>.wrapped_app.<locals>.sender at 0x0000023D361363E0>
          │   │      └ <function BaseHTTPMiddleware.__call__.<locals>.call_next.<locals>.receive_or_disconnect at 0x0000023D36135DA0>
          │   └ {'type': 'http', 'asgi': {'version': '3.0', 'spec_version': '2.3'}, 'http_version': '1.1', 'server': ('127.0.0.1', 8001), 'cl...
          └ <fastapi.routing.APIRouter object at 0x0000023D33B81950>
  File "C:\Users\Administrator\Desktop\fssadmin_nestjs\FastAdmin\FssAdmin_Python\server\.venv\Lib\site-packages\starlette\routing.py", line 715, in __call__
    await self.middleware_stack(scope, receive, send)
          │    │                │      │        └ <function wrap_app_handling_exceptions.<locals>.wrapped_app.<locals>.sender at 0x0000023D361363E0>
          │    │                │      └ <function BaseHTTPMiddleware.__call__.<locals>.call_next.<locals>.receive_or_disconnect at 0x0000023D36135DA0>
          │    │                └ {'type': 'http', 'asgi': {'version': '3.0', 'spec_version': '2.3'}, 'http_version': '1.1', 'server': ('127.0.0.1', 8001), 'cl...
          │    └ <bound method Router.app of <fastapi.routing.APIRouter object at 0x0000023D33B81950>>
          └ <fastapi.routing.APIRouter object at 0x0000023D33B81950>
  File "C:\Users\Administrator\Desktop\fssadmin_nestjs\FastAdmin\FssAdmin_Python\server\.venv\Lib\site-packages\starlette\routing.py", line 735, in app
    await route.handle(scope, receive, send)
          │     │      │      │        └ <function wrap_app_handling_exceptions.<locals>.wrapped_app.<locals>.sender at 0x0000023D361363E0>
          │     │      │      └ <function BaseHTTPMiddleware.__call__.<locals>.call_next.<locals>.receive_or_disconnect at 0x0000023D36135DA0>
          │     │      └ {'type': 'http', 'asgi': {'version': '3.0', 'spec_version': '2.3'}, 'http_version': '1.1', 'server': ('127.0.0.1', 8001), 'cl...
          │     └ <function Route.handle at 0x0000023D32E59760>
          └ OperationLogRoute(path='/task/cronjob/job/scheduler/jobs', name='get_scheduler_jobs_controller', methods=['GET'])
  File "C:\Users\Administrator\Desktop\fssadmin_nestjs\FastAdmin\FssAdmin_Python\server\.venv\Lib\site-packages\starlette\routing.py", line 288, in handle
    await self.app(scope, receive, send)
          │    │   │      │        └ <function wrap_app_handling_exceptions.<locals>.wrapped_app.<locals>.sender at 0x0000023D361363E0>
          │    │   │      └ <function BaseHTTPMiddleware.__call__.<locals>.call_next.<locals>.receive_or_disconnect at 0x0000023D36135DA0>
          │    │   └ {'type': 'http', 'asgi': {'version': '3.0', 'spec_version': '2.3'}, 'http_version': '1.1', 'server': ('127.0.0.1', 8001), 'cl...
          │    └ <function request_response.<locals>.app at 0x0000023D35ADE5C0>
          └ OperationLogRoute(path='/task/cronjob/job/scheduler/jobs', name='get_scheduler_jobs_controller', methods=['GET'])
  File "C:\Users\Administrator\Desktop\fssadmin_nestjs\FastAdmin\FssAdmin_Python\server\.venv\Lib\site-packages\starlette\routing.py", line 76, in app
    await wrap_app_handling_exceptions(app, request)(scope, receive, send)
          │                            │    │        │      │        └ <function wrap_app_handling_exceptions.<locals>.wrapped_app.<locals>.sender at 0x0000023D361363E0>
          │                            │    │        │      └ <function BaseHTTPMiddleware.__call__.<locals>.call_next.<locals>.receive_or_disconnect at 0x0000023D36135DA0>
          │                            │    │        └ {'type': 'http', 'asgi': {'version': '3.0', 'spec_version': '2.3'}, 'http_version': '1.1', 'server': ('127.0.0.1', 8001), 'cl...
          │                            │    └ <starlette.requests.Request object at 0x0000023D360F8410>
          │                            └ <function request_response.<locals>.app.<locals>.app at 0x0000023D36136480>
          └ <function wrap_app_handling_exceptions at 0x0000023D32E37F60>
  File "C:\Users\Administrator\Desktop\fssadmin_nestjs\FastAdmin\FssAdmin_Python\server\.venv\Lib\site-packages\starlette\_exception_handler.py", line 51, in wrapped_app
    await app(scope, receive, sender)
          │   │      │        └ <function wrap_app_handling_exceptions.<locals>.wrapped_app.<locals>.sender at 0x0000023D361365C0>
          │   │      └ <function BaseHTTPMiddleware.__call__.<locals>.call_next.<locals>.receive_or_disconnect at 0x0000023D36135DA0>
          │   └ {'type': 'http', 'asgi': {'version': '3.0', 'spec_version': '2.3'}, 'http_version': '1.1', 'server': ('127.0.0.1', 8001), 'cl...
          └ <function request_response.<locals>.app.<locals>.app at 0x0000023D36136480>
  File "C:\Users\Administrator\Desktop\fssadmin_nestjs\FastAdmin\FssAdmin_Python\server\.venv\Lib\site-packages\starlette\routing.py", line 73, in app
    response = await f(request)
                     │ └ <starlette.requests.Request object at 0x0000023D360F8410>
                     └ <function get_request_handler.<locals>.app at 0x0000023D35ADE520>
  File "C:\Users\Administrator\Desktop\fssadmin_nestjs\FastAdmin\FssAdmin_Python\server\.venv\Lib\site-packages\fastapi\routing.py", line 301, in app
    raw_response = await run_endpoint_function(
                         └ <function run_endpoint_function at 0x0000023D32E59260>
  File "C:\Users\Administrator\Desktop\fssadmin_nestjs\FastAdmin\FssAdmin_Python\server\.venv\Lib\site-packages\fastapi\routing.py", line 212, in run_endpoint_function
    return await dependant.call(**values)
                 │         │      └ {}
                 │         └ <function get_scheduler_jobs_controller at 0x0000023D34A0C4A0>
                 └ Dependant(path_params=[], query_params=[], header_params=[], cookie_params=[], body_params=[], dependencies=[Dependant(path_p...

  File "C:\Users\Administrator\Desktop\fssadmin_nestjs\FastAdmin\FssAdmin_Python\server\app\plugin\module_task\cronjob\job\controller.py", line 37, in get_scheduler_jobs_controller
    data = JobService.get_scheduler_jobs()
           │          └ <staticmethod(<function JobService.get_scheduler_jobs at 0x0000023D34A0C360>)>
           └ <class 'app.plugin.module_task.cronjob.job.service.JobService'>

  File "C:\Users\Administrator\Desktop\fssadmin_nestjs\FastAdmin\FssAdmin_Python\server\app\plugin\module_task\cronjob\job\service.py", line 104, in get_scheduler_jobs
    jobs = SchedulerUtil.get_all_jobs()
           │             └ <classmethod(<function SchedulerUtil.get_all_jobs at 0x0000023D349D0F40>)>
           └ <class 'app.core.ap_scheduler.SchedulerUtil'>

  File "C:\Users\Administrator\Desktop\fssadmin_nestjs\FastAdmin\FssAdmin_Python\server\app\core\ap_scheduler.py", line 1373, in get_all_jobs
    return scheduler.get_jobs()
           │         └ <function BaseScheduler.get_jobs at 0x0000023D3493B2E0>
           └ <apscheduler.schedulers.asyncio.AsyncIOScheduler object at 0x0000023D342AB620>

  File "C:\Users\Administrator\Desktop\fssadmin_nestjs\FastAdmin\FssAdmin_Python\server\.venv\Lib\site-packages\apscheduler\schedulers\base.py", line 671, in get_jobs
    jobs.extend(store.get_all_jobs())
    │    │      │     └ <function RedisJobStore.get_all_jobs at 0x0000023D34927A60>
    │    │      └ <RedisJobStore>
    │    └ <method 'extend' of 'list' objects>
    └ []
  File "C:\Users\Administrator\Desktop\fssadmin_nestjs\FastAdmin\FssAdmin_Python\server\.venv\Lib\site-packages\apscheduler\jobstores\redis.py", line 69, in get_all_jobs
    jobs = self._reconstitute_jobs(job_states.items())
           │    │                  │          └ <method 'items' of 'dict' objects>
           │    │                  └ {b'system_cleanup_operation_log': b'\x80\x05\x95Y\x04\x00\x00\x00\x00\x00\x00}\x94(\x8c\x07version\x94K\x01\x8c\x02id\x94\x8c...
           │    └ <function RedisJobStore._reconstitute_jobs at 0x0000023D34927EC0>
           └ <RedisJobStore>
> File "C:\Users\Administrator\Desktop\fssadmin_nestjs\FastAdmin\FssAdmin_Python\server\.venv\Lib\site-packages\apscheduler\jobstores\redis.py", line 143, in _reconstitute_jobs
    jobs.append(self._reconstitute_job(job_state))
    │    │      │    │                 └ b'\x80\x05\x95^\x04\x00\x00\x00\x00\x00\x00}\x94(\x8c\x07version\x94K\x01\x8c\x02id\x94\x8c\x14system_clean_expired\x94\x8c\x...
    │    │      │    └ <function RedisJobStore._reconstitute_job at 0x0000023D34927E20>
    │    │      └ <RedisJobStore>
    │    └ <method 'append' of 'list' objects>
    └ [<Job (id=system_cleanup_operation_log name=操作日志清理)>]
  File "C:\Users\Administrator\Desktop\fssadmin_nestjs\FastAdmin\FssAdmin_Python\server\.venv\Lib\site-packages\apscheduler\jobstores\redis.py", line 133, in _reconstitute_job
    job.__setstate__(job_state)
    │   │            └ {'version': 1, 'id': 'system_clean_expired', 'func': 'app.api.v1.module_platform.tenant.service:TenantService.clean_expired_t...
    │   └ <function Job.__setstate__ at 0x0000023D34925EE0>
    └ <unprintable Job object>
  File "C:\Users\Administrator\Desktop\fssadmin_nestjs\FastAdmin\FssAdmin_Python\server\.venv\Lib\site-packages\apscheduler\job.py", line 301, in __setstate__
    self.func = ref_to_obj(self.func_ref)
    │    │      │          │    └ <member 'func_ref' of 'Job' objects>
    │    │      │          └ <unprintable Job object>
    │    │      └ <function ref_to_obj at 0x0000023D34900E00>
    │    └ <member 'func' of 'Job' objects>
    └ <unprintable Job object>
  File "C:\Users\Administrator\Desktop\fssadmin_nestjs\FastAdmin\FssAdmin_Python\server\.venv\Lib\site-packages\apscheduler\util.py", line 319, in ref_to_obj
    raise LookupError(

LookupError: Error resolving reference app.api.v1.module_platform.tenant.service:TenantService.clean_expired_tenants: could not import module
2026-08-26 22:40:49.376 | INFO     | app.core.middlewares:dispatch:100 - 响应: 200 | 54.3ms
2026-08-26 22:40:49.384 | INFO     | logging:callHandlers:1736 - 127.0.0.1:20585 - "GET /api/task/cronjob/job/scheduler/jobs HTTP/1.1" 200
2026-08-26 22:40:49.569 | INFO     | app.core.middlewares:dispatch:88 - 请求: GET /api/task/cronjob/job/scheduler/status | client=127.0.0.1
2026-08-26 22:40:49.589 | INFO     | app.core.middlewares:dispatch:100 - 响应: 200 | 20.4ms
2026-08-26 22:40:49.590 | INFO     | logging:callHandlers:1736 - 127.0.0.1:60731 - "GET /api/task/cronjob/job/scheduler/status HTTP/1.1" 200
2026-08-26 22:40:53.132 | INFO     | app.core.middlewares:dispatch:88 - 请求: GET /api/core/logs/getLoginLogPageList | client=127.0.0.1
2026-08-26 22:40:53.147 | INFO     | app.core.middlewares:dispatch:100 - 响应: 200 | 15.3ms
2026-08-26 22:40:53.148 | INFO     | logging:callHandlers:1736 - 127.0.0.1:14200 - "GET /api/core/logs/getLoginLogPageList?page=1&limit=10&orderField=login_time&orderType=desc HTTP/1.1" 200
2026-08-26 22:40:55.204 | INFO     | app.core.middlewares:dispatch:88 - 请求: GET /api/tool/code/index | client=127.0.0.1
2026-08-26 22:40:55.207 | ERROR    | app.core.exceptions:http_exception_handler:64 - [HTTP异常] GET /api/tool/code/index | status_code=404 | detail=Not Found | cid=b3ee648b
2026-08-26 22:40:55.208 | INFO     | app.core.middlewares:dispatch:100 - 响应: 404 | 3.4ms
2026-08-26 22:40:55.208 | INFO     | logging:callHandlers:1736 - 127.0.0.1:13037 - "GET /api/tool/code/index?page=1&limit=10 HTTP/1.1" 404
2026-08-26 22:40:55.758 | INFO     | app.core.middlewares:dispatch:88 - 请求: GET /api/core/logs/getLoginLogPageList | client=127.0.0.1
2026-08-26 22:40:55.770 | INFO     | app.core.middlewares:dispatch:100 - 响应: 200 | 12.2ms
2026-08-26 22:40:55.771 | INFO     | logging:callHandlers:1736 - 127.0.0.1:56426 - "GET /api/core/logs/getLoginLogPageList?page=1&limit=10&orderField=login_time&orderType=desc HTTP/1.1" 200
2026-08-26 22:41:45.850 | INFO     | app.core.middlewares:dispatch:88 - 请求: GET /api/task/cronjob/job/scheduler/jobs | client=127.0.0.1
2026-08-26 22:41:45.857 | INFO     | app.core.middlewares:dispatch:100 - 响应: 200 | 7.6ms
2026-08-26 22:41:45.858 | INFO     | logging:callHandlers:1736 - 127.0.0.1:11006 - "GET /api/task/cronjob/job/scheduler/jobs HTTP/1.1" 200
2026-08-26 22:41:46.100 | INFO     | app.core.middlewares:dispatch:88 - 请求: GET /api/task/cronjob/job/scheduler/status | client=127.0.0.1
2026-08-26 22:41:46.107 | INFO     | app.core.middlewares:dispatch:100 - 响应: 200 | 7.1ms
2026-08-26 22:41:46.108 | INFO     | logging:callHandlers:1736 - 127.0.0.1:62439 - "GET /api/task/cronjob/job/scheduler/status HTTP/1.1" 200
2026-08-26 22:41:50.249 | INFO     | app.core.middlewares:dispatch:88 - 请求: GET /api/task/cronjob/node/list | client=127.0.0.1
2026-08-26 22:41:50.299 | INFO     | app.core.middlewares:dispatch:100 - 响应: 200 | 50.5ms
2026-08-26 22:41:50.300 | INFO     | logging:callHandlers:1736 - 127.0.0.1:14229 - "GET /api/task/cronjob/node/list?page_no=1&page_size=10 HTTP/1.1" 200
2026-08-26 22:42:22.504 | INFO     | app.core.middlewares:dispatch:88 - 请求: GET /api/task/cronjob/job/scheduler/jobs | client=127.0.0.1
2026-08-26 22:42:22.512 | INFO     | app.core.middlewares:dispatch:100 - 响应: 200 | 8.0ms
2026-08-26 22:42:22.513 | INFO     | logging:callHandlers:1736 - 127.0.0.1:49671 - "GET /api/task/cronjob/job/scheduler/jobs HTTP/1.1" 200
2026-08-26 22:42:22.756 | INFO     | app.core.middlewares:dispatch:88 - 请求: GET /api/task/cronjob/job/scheduler/status | client=127.0.0.1
2026-08-26 22:42:22.763 | INFO     | app.core.middlewares:dispatch:100 - 响应: 200 | 6.8ms
2026-08-26 22:42:22.763 | INFO     | logging:callHandlers:1736 - 127.0.0.1:34531 - "GET /api/task/cronjob/job/scheduler/status HTTP/1.1" 200
2026-08-26 22:42:36.670 | INFO     | app.core.middlewares:dispatch:88 - 请求: GET /api/task/cronjob/node/list | client=127.0.0.1
2026-08-26 22:42:36.682 | INFO     | app.core.middlewares:dispatch:100 - 响应: 200 | 12.0ms
2026-08-26 22:42:36.683 | INFO     | logging:callHandlers:1736 - 127.0.0.1:49919 - "GET /api/task/cronjob/node/list?page_no=1&page_size=10 HTTP/1.1" 200
2026-08-26 22:45:20.273 | WARNING  | logging:callHandlers:1736 - StatReload detected changes in 'app\config\path_conf.py'. Reloading...
2026-08-26 22:45:20.290 | INFO     | logging:callHandlers:1736 - Shutting down
2026-08-26 22:45:20.398 | INFO     | logging:callHandlers:1736 - Waiting for application shutdown.
2026-08-26 22:45:20.398 | INFO     | app.api.v1.module_platform.video.meta_queue:stop:125 - MetaFetchQueue stopped
2026-08-26 22:45:20.400 | INFO     | app.api.v1.module_platform.video.downloader:stop:151 - DownloadQueue stopping: 服务关闭
2026-08-26 22:45:20.425 | INFO     | app.api.v1.module_platform.video.downloader:stop:188 - DownloadQueue stopped
2026-08-26 22:45:20.426 | INFO     | logging:callHandlers:1736 - Scheduler has been shut down
2026-08-26 22:45:20.427 | INFO     | app.core.ap_scheduler:_handle_scheduler_shutdown:406 - 调度器已关闭
2026-08-26 22:45:20.427 | INFO     | app.core.ap_scheduler:_update_scheduler_status:511 - 调度器状态变更: 0
2026-08-26 22:45:20.428 | INFO     | app.core.database:redis_connect:201 - ✅️ Redis连接已关闭
2026-08-26 22:45:20.432 | INFO     | logging:callHandlers:1736 - Application shutdown complete.
2026-08-26 22:45:20.432 | INFO     | logging:callHandlers:1736 - Finished server process [19316]
2026-08-26 22:45:22.802 | INFO     | logging:callHandlers:1736 - Started server process [26636]
2026-08-26 22:45:22.803 | INFO     | logging:callHandlers:1736 - Waiting for application startup.
2026-08-26 22:45:22.811 | INFO     | app.scripts.initialize:init_db:119 - sa_system_user 已有数据，跳过 fssoa.sql 导入
2026-08-26 22:45:22.811 | INFO     | app.init_app:lifespan:26 - ✅ mysql数据库初始化完成
2026-08-26 22:45:24.858 | INFO     | app.init_app:lifespan:28 - ✅ 全局事件模块加载完成
2026-08-26 22:45:24.858 | INFO     | app.init_app:lifespan:32 - ✅ fastapi-admin-cache 初始化完成
2026-08-26 22:45:24.861 | WARNING  | app.init_app:lifespan:37 - 演示模式已开启：禁止 POST/PUT/PATCH/DELETE（登录/刷新/登出除外）
2026-08-26 22:45:24.862 | INFO     | app.init_app:lifespan:53 - ✅ 请求限流器初始化完成 (10000次/60秒)
2026-08-26 22:45:24.906 | INFO     | logging:callHandlers:1736 - Scheduler started
2026-08-26 22:45:26.947 | INFO     | app.core.ap_scheduler:_handle_job_added:362 - 任务 system_cleanup_operation_log (操作日志清理) 已添加到 default 存储器
2026-08-26 22:45:27.000 | INFO     | app.core.ap_scheduler:_cleanup_obsolete_pending_logs:811 - 清理了任务 system_cleanup_operation_log 的 1 条旧 pending 日志
2026-08-26 22:45:27.030 | INFO     | app.core.ap_scheduler:_create_job_log:849 - 执行日志创建成功: job_id=system_cleanup_operation_log, id=842
2026-08-26 22:45:27.031 | INFO     | app.core.ap_scheduler:_handle_job_added:375 - 任务 system_cleanup_operation_log 已创建初始 pending 状态日志
2026-08-26 22:45:27.031 | INFO     | logging:callHandlers:1736 - Added job "操作日志清理" to job store "default"
2026-08-26 22:45:27.032 | INFO     | app.core.ap_scheduler:_register_system_jobs:646 - 系统周期任务已注册 1 个
2026-08-26 22:45:27.032 | INFO     | app.init_app:lifespan:68 - ✅ APScheduler 初始化完成
2026-08-26 22:45:29.082 | INFO     | app.api.v1.module_platform.video.meta_queue:start:106 - MetaFetchQueue started workers=1 recover_on_start=False recovered=0
2026-08-26 22:45:29.085 | INFO     | app.api.v1.module_platform.video.downloader:start:144 - DownloadQueue started workers=2 recovered=0
2026-08-26 22:45:29.092 | INFO     | app.init_app:lifespan:86 - ✅ 视频队列已启动 (meta_recover_on_start=False, ytdlp_subprocess=True)
2026-08-26 22:45:29.123 | INFO     | logging:callHandlers:1736 - Application startup complete.
2026-08-26 22:45:30.781 | WARNING  | logging:callHandlers:1736 - StatReload detected changes in 'app\core\ap_scheduler.py'. Reloading...
2026-08-26 22:45:30.862 | INFO     | logging:callHandlers:1736 - Shutting down
2026-08-26 22:45:30.970 | INFO     | logging:callHandlers:1736 - Waiting for application shutdown.
2026-08-26 22:45:30.970 | INFO     | app.api.v1.module_platform.video.meta_queue:stop:125 - MetaFetchQueue stopped
2026-08-26 22:45:30.972 | INFO     | app.api.v1.module_platform.video.downloader:stop:151 - DownloadQueue stopping: 服务关闭
2026-08-26 22:45:30.974 | INFO     | app.api.v1.module_platform.video.downloader:stop:188 - DownloadQueue stopped
2026-08-26 22:45:30.975 | INFO     | logging:callHandlers:1736 - Scheduler has been shut down
2026-08-26 22:45:30.975 | INFO     | app.core.ap_scheduler:_handle_scheduler_shutdown:406 - 调度器已关闭
2026-08-26 22:45:30.976 | INFO     | app.core.ap_scheduler:_update_scheduler_status:511 - 调度器状态变更: 0
2026-08-26 22:45:30.976 | INFO     | app.core.database:redis_connect:201 - ✅️ Redis连接已关闭
2026-08-26 22:45:30.978 | INFO     | logging:callHandlers:1736 - Application shutdown complete.
2026-08-26 22:45:30.979 | INFO     | logging:callHandlers:1736 - Finished server process [26636]
2026-08-26 22:45:33.255 | INFO     | logging:callHandlers:1736 - Started server process [23424]
2026-08-26 22:45:33.256 | INFO     | logging:callHandlers:1736 - Waiting for application startup.
2026-08-26 22:45:33.263 | INFO     | app.scripts.initialize:init_db:119 - sa_system_user 已有数据，跳过 fssoa.sql 导入
2026-08-26 22:45:33.265 | INFO     | app.init_app:lifespan:26 - ✅ mysql数据库初始化完成
2026-08-26 22:45:35.321 | INFO     | app.init_app:lifespan:28 - ✅ 全局事件模块加载完成
2026-08-26 22:45:35.321 | INFO     | app.init_app:lifespan:32 - ✅ fastapi-admin-cache 初始化完成
2026-08-26 22:45:35.323 | WARNING  | app.init_app:lifespan:37 - 演示模式已开启：禁止 POST/PUT/PATCH/DELETE（登录/刷新/登出除外）
2026-08-26 22:45:35.324 | INFO     | app.init_app:lifespan:53 - ✅ 请求限流器初始化完成 (10000次/60秒)
2026-08-26 22:45:35.351 | INFO     | logging:callHandlers:1736 - Scheduler started
2026-08-26 22:45:37.393 | INFO     | app.core.ap_scheduler:_handle_job_added:371 - 任务 system_cleanup_operation_log (操作日志清理) 已添加到 default 存储器
2026-08-26 22:45:37.455 | INFO     | app.core.ap_scheduler:_cleanup_obsolete_pending_logs:820 - 清理了任务 system_cleanup_operation_log 的 1 条旧 pending 日志
2026-08-26 22:45:37.485 | INFO     | app.core.ap_scheduler:_create_job_log:858 - 执行日志创建成功: job_id=system_cleanup_operation_log, id=843
2026-08-26 22:45:37.486 | INFO     | app.core.ap_scheduler:_handle_job_added:384 - 任务 system_cleanup_operation_log 已创建初始 pending 状态日志
2026-08-26 22:45:37.488 | INFO     | logging:callHandlers:1736 - Added job "操作日志清理" to job store "default"
2026-08-26 22:45:37.488 | INFO     | app.core.ap_scheduler:_register_system_jobs:655 - 系统周期任务已注册 1 个
2026-08-26 22:45:37.488 | INFO     | app.init_app:lifespan:68 - ✅ APScheduler 初始化完成
2026-08-26 22:45:39.544 | INFO     | app.api.v1.module_platform.video.meta_queue:start:106 - MetaFetchQueue started workers=1 recover_on_start=False recovered=0
2026-08-26 22:45:39.548 | INFO     | app.api.v1.module_platform.video.downloader:start:144 - DownloadQueue started workers=2 recovered=0
2026-08-26 22:45:39.557 | INFO     | app.init_app:lifespan:86 - ✅ 视频队列已启动 (meta_recover_on_start=False, ytdlp_subprocess=True)
2026-08-26 22:45:39.590 | INFO     | logging:callHandlers:1736 - Application startup complete.
2026-08-26 22:45:41.128 | WARNING  | logging:callHandlers:1736 - StatReload detected changes in 'app\core\ap_scheduler.py'. Reloading...
2026-08-26 22:45:41.201 | INFO     | logging:callHandlers:1736 - Shutting down
2026-08-26 22:45:41.310 | INFO     | logging:callHandlers:1736 - Waiting for application shutdown.
2026-08-26 22:45:41.311 | INFO     | app.api.v1.module_platform.video.meta_queue:stop:125 - MetaFetchQueue stopped
2026-08-26 22:45:41.313 | INFO     | app.api.v1.module_platform.video.downloader:stop:151 - DownloadQueue stopping: 服务关闭
2026-08-26 22:45:41.315 | INFO     | app.api.v1.module_platform.video.downloader:stop:188 - DownloadQueue stopped
2026-08-26 22:45:41.316 | INFO     | logging:callHandlers:1736 - Scheduler has been shut down
2026-08-26 22:45:41.316 | INFO     | app.core.ap_scheduler:_handle_scheduler_shutdown:415 - 调度器已关闭
2026-08-26 22:45:41.316 | INFO     | app.core.ap_scheduler:_update_scheduler_status:520 - 调度器状态变更: 0
2026-08-26 22:45:41.317 | INFO     | app.core.database:redis_connect:201 - ✅️ Redis连接已关闭
2026-08-26 22:45:41.320 | INFO     | logging:callHandlers:1736 - Application shutdown complete.
2026-08-26 22:45:41.320 | INFO     | logging:callHandlers:1736 - Finished server process [23424]
2026-08-26 22:45:43.642 | INFO     | logging:callHandlers:1736 - Started server process [2644]
2026-08-26 22:45:43.643 | INFO     | logging:callHandlers:1736 - Waiting for application startup.
2026-08-26 22:45:43.649 | INFO     | app.scripts.initialize:init_db:119 - sa_system_user 已有数据，跳过 fssoa.sql 导入
2026-08-26 22:45:43.650 | INFO     | app.init_app:lifespan:26 - ✅ mysql数据库初始化完成
2026-08-26 22:45:45.695 | INFO     | app.init_app:lifespan:28 - ✅ 全局事件模块加载完成
2026-08-26 22:45:45.696 | INFO     | app.init_app:lifespan:32 - ✅ fastapi-admin-cache 初始化完成
2026-08-26 22:45:45.698 | WARNING  | app.init_app:lifespan:37 - 演示模式已开启：禁止 POST/PUT/PATCH/DELETE（登录/刷新/登出除外）
2026-08-26 22:45:45.699 | INFO     | app.init_app:lifespan:53 - ✅ 请求限流器初始化完成 (10000次/60秒)
2026-08-26 22:45:45.743 | INFO     | logging:callHandlers:1736 - Scheduler started
2026-08-26 22:45:47.782 | INFO     | app.core.ap_scheduler:_handle_job_added:371 - 任务 system_cleanup_operation_log (操作日志清理) 已添加到 default 存储器
2026-08-26 22:45:47.844 | INFO     | app.core.ap_scheduler:_cleanup_obsolete_pending_logs:826 - 清理了任务 system_cleanup_operation_log 的 1 条旧 pending 日志
2026-08-26 22:45:47.873 | INFO     | app.core.ap_scheduler:_create_job_log:864 - 执行日志创建成功: job_id=system_cleanup_operation_log, id=844
2026-08-26 22:45:47.874 | INFO     | app.core.ap_scheduler:_handle_job_added:384 - 任务 system_cleanup_operation_log 已创建初始 pending 状态日志
2026-08-26 22:45:47.876 | INFO     | logging:callHandlers:1736 - Added job "操作日志清理" to job store "default"
2026-08-26 22:45:47.878 | INFO     | app.core.ap_scheduler:_handle_job_added:371 - 任务 system_database_backup (数据库备份) 已添加到 default 存储器
2026-08-26 22:45:47.903 | INFO     | app.core.ap_scheduler:_create_job_log:864 - 执行日志创建成功: job_id=system_database_backup, id=845
2026-08-26 22:45:47.904 | INFO     | app.core.ap_scheduler:_handle_job_added:384 - 任务 system_database_backup 已创建初始 pending 状态日志
2026-08-26 22:45:47.904 | INFO     | logging:callHandlers:1736 - Added job "数据库备份" to job store "default"
2026-08-26 22:45:47.907 | INFO     | app.core.ap_scheduler:_register_system_jobs:661 - 系统周期任务已注册 2 个
2026-08-26 22:45:47.907 | INFO     | app.init_app:lifespan:68 - ✅ APScheduler 初始化完成
2026-08-26 22:45:49.969 | INFO     | app.api.v1.module_platform.video.meta_queue:start:106 - MetaFetchQueue started workers=1 recover_on_start=False recovered=0
2026-08-26 22:45:49.972 | INFO     | app.api.v1.module_platform.video.downloader:start:144 - DownloadQueue started workers=2 recovered=0
2026-08-26 22:45:49.982 | INFO     | app.init_app:lifespan:86 - ✅ 视频队列已启动 (meta_recover_on_start=False, ytdlp_subprocess=True)
2026-08-26 22:45:50.011 | INFO     | logging:callHandlers:1736 - Application startup complete.
2026-08-26 22:46:28.486 | INFO     | app.core.middlewares:dispatch:88 - 请求: GET /api/task/cronjob/job/scheduler/jobs | client=127.0.0.1
2026-08-26 22:46:28.500 | INFO     | app.core.middlewares:dispatch:100 - 响应: 200 | 13.4ms
2026-08-26 22:46:28.500 | INFO     | logging:callHandlers:1736 - 127.0.0.1:34206 - "GET /api/task/cronjob/job/scheduler/jobs HTTP/1.1" 200
2026-08-26 22:46:28.734 | INFO     | app.core.middlewares:dispatch:88 - 请求: GET /api/task/cronjob/job/scheduler/status | client=127.0.0.1
2026-08-26 22:46:28.742 | INFO     | app.core.middlewares:dispatch:100 - 响应: 200 | 8.2ms
2026-08-26 22:46:28.743 | INFO     | logging:callHandlers:1736 - 127.0.0.1:32572 - "GET /api/task/cronjob/job/scheduler/status HTTP/1.1" 200
2026-08-26 22:46:31.515 | INFO     | app.core.middlewares:dispatch:88 - 请求: GET /api/task/cronjob/job/log/list | client=127.0.0.1
2026-08-26 22:46:31.531 | INFO     | app.core.middlewares:dispatch:100 - 响应: 200 | 15.5ms
2026-08-26 22:46:31.531 | INFO     | logging:callHandlers:1736 - 127.0.0.1:51730 - "GET /api/task/cronjob/job/log/list?page_no=1&page_size=10&job_id=system_database_backup HTTP/1.1" 200
2026-08-26 22:46:43.158 | INFO     | app.core.middlewares:dispatch:88 - 请求: POST /api/task/cronjob/job/task/run/system_database_backup | client=127.0.0.1
2026-08-26 22:46:43.158 | WARNING  | app.core.middlewares:dispatch:95 - 演示模式拦截: POST /api/task/cronjob/job/task/run/system_database_backup
2026-08-26 22:46:43.161 | INFO     | logging:callHandlers:1736 - 127.0.0.1:29148 - "POST /api/task/cronjob/job/task/run/system_database_backup HTTP/1.1" 200
2026-08-26 22:47:02.969 | INFO     | logging:callHandlers:1736 - Shutting down
2026-08-26 22:47:03.084 | INFO     | logging:callHandlers:1736 - Waiting for application shutdown.
2026-08-26 22:47:03.085 | INFO     | app.api.v1.module_platform.video.meta_queue:stop:125 - MetaFetchQueue stopped
2026-08-26 22:47:03.087 | INFO     | app.api.v1.module_platform.video.downloader:stop:151 - DownloadQueue stopping: 服务关闭
2026-08-26 22:47:03.090 | INFO     | app.api.v1.module_platform.video.downloader:stop:188 - DownloadQueue stopped
2026-08-26 22:47:03.091 | INFO     | logging:callHandlers:1736 - Scheduler has been shut down
2026-08-26 22:47:03.092 | INFO     | app.core.ap_scheduler:_handle_scheduler_shutdown:415 - 调度器已关闭
2026-08-26 22:47:03.092 | INFO     | app.core.ap_scheduler:_update_scheduler_status:520 - 调度器状态变更: 0
2026-08-26 22:47:03.093 | INFO     | app.core.database:redis_connect:201 - ✅️ Redis连接已关闭
2026-08-26 22:47:03.095 | INFO     | logging:callHandlers:1736 - Application shutdown complete.
2026-08-26 22:47:03.095 | INFO     | logging:callHandlers:1736 - Finished server process [2644]
2026-08-26 22:47:03.537 | INFO     | logging:callHandlers:1736 - Stopping reloader process [19756]
2026-08-26 22:47:09.631 | INFO     | __main__:run:75 - 🚀 当前运行环境: dev



////////////////////////////////////////////////////////////////////
//                          _ooOoo_                               //
//                         o8888888o                              //
//                         88" . "88                              //
//                         (| ^_^ |)                              //
//                         O\  =  /O                              //
//                      ____/`---'\____                           //
//                    .'  \\|     |//  `.                         //
//                   /  \\|||  :  |||//  \                        //
//                  /  _||||| -:- |||||-  \                       //
//                  |   | \\\  -  /// |   |                       //
//                  | \_|  ''\---/''  |   |                       //
//                  \  .-\__  `-`  ___/-. /                       //
//                ___`. .'  /--.--\  `. . ___                     //
//              ."" '<  `.___\_<|>_/___.'  >'"".                  //
//            | | :  `- \`.;`\ _ /`;.`/ - ` : | |                 //
//            \  \ `-.   \_ __\ /__ _/   .-` /  /                 //
//      ========`-.____`-.___\_____/___.-`____.-'========         //
//                           `=---='                              //
//      ^^^^^^^^^^^^^^^^^^^^^^^^^^^^^^^^^^^^^^^^^^^^^^^^^^        //
//         佛祖保佑       永无BUG     永不修改                     //
////////////////////////////////////////////////////////////////////



2026-08-26 22:47:09.632 | INFO     | logging:callHandlers:1736 - Will watch for changes in these directories: ['C:\\Users\\Administrator\\Desktop\\fssadmin_nestjs\\FastAdmin\\FssAdmin_Python\\server']
2026-08-26 22:47:09.636 | INFO     | logging:callHandlers:1736 - Uvicorn running on http://localhost:8001 (Press CTRL+C to quit)
2026-08-26 22:47:09.636 | INFO     | logging:callHandlers:1736 - Started reloader process [28276] using StatReload
2026-08-26 22:47:11.590 | INFO     | logging:callHandlers:1736 - Started server process [4336]
2026-08-26 22:47:11.592 | INFO     | logging:callHandlers:1736 - Waiting for application startup.
2026-08-26 22:47:11.598 | INFO     | app.scripts.initialize:init_db:119 - sa_system_user 已有数据，跳过 fssoa.sql 导入
2026-08-26 22:47:11.599 | INFO     | app.init_app:lifespan:26 - ✅ mysql数据库初始化完成
2026-08-26 22:47:13.610 | INFO     | app.init_app:lifespan:28 - ✅ 全局事件模块加载完成
2026-08-26 22:47:13.611 | INFO     | app.init_app:lifespan:32 - ✅ fastapi-admin-cache 初始化完成
2026-08-26 22:47:13.613 | INFO     | app.init_app:lifespan:53 - ✅ 请求限流器初始化完成 (10000次/60秒)
2026-08-26 22:47:13.645 | INFO     | logging:callHandlers:1736 - Scheduler started
2026-08-26 22:47:15.677 | INFO     | app.core.ap_scheduler:_handle_job_added:371 - 任务 system_cleanup_operation_log (操作日志清理) 已添加到 default 存储器
2026-08-26 22:47:15.738 | INFO     | app.core.ap_scheduler:_cleanup_obsolete_pending_logs:826 - 清理了任务 system_cleanup_operation_log 的 1 条旧 pending 日志
2026-08-26 22:47:15.767 | INFO     | app.core.ap_scheduler:_create_job_log:864 - 执行日志创建成功: job_id=system_cleanup_operation_log, id=846
2026-08-26 22:47:15.767 | INFO     | app.core.ap_scheduler:_handle_job_added:384 - 任务 system_cleanup_operation_log 已创建初始 pending 状态日志
2026-08-26 22:47:15.767 | INFO     | logging:callHandlers:1736 - Added job "操作日志清理" to job store "default"
2026-08-26 22:47:15.769 | INFO     | app.core.ap_scheduler:_handle_job_added:371 - 任务 system_database_backup (数据库备份) 已添加到 default 存储器
2026-08-26 22:47:15.796 | INFO     | app.core.ap_scheduler:_cleanup_obsolete_pending_logs:826 - 清理了任务 system_database_backup 的 1 条旧 pending 日志
2026-08-26 22:47:15.823 | INFO     | app.core.ap_scheduler:_create_job_log:864 - 执行日志创建成功: job_id=system_database_backup, id=847
2026-08-26 22:47:15.823 | INFO     | app.core.ap_scheduler:_handle_job_added:384 - 任务 system_database_backup 已创建初始 pending 状态日志
2026-08-26 22:47:15.824 | INFO     | logging:callHandlers:1736 - Added job "数据库备份" to job store "default"
2026-08-26 22:47:15.824 | INFO     | app.core.ap_scheduler:_register_system_jobs:661 - 系统周期任务已注册 2 个
2026-08-26 22:47:15.824 | INFO     | app.init_app:lifespan:68 - ✅ APScheduler 初始化完成
2026-08-26 22:47:17.848 | INFO     | app.api.v1.module_platform.video.meta_queue:start:106 - MetaFetchQueue started workers=1 recover_on_start=False recovered=0
2026-08-26 22:47:17.851 | INFO     | app.api.v1.module_platform.video.downloader:start:144 - DownloadQueue started workers=2 recovered=0
2026-08-26 22:47:17.859 | INFO     | app.init_app:lifespan:86 - ✅ 视频队列已启动 (meta_recover_on_start=False, ytdlp_subprocess=True)
2026-08-26 22:47:17.887 | INFO     | logging:callHandlers:1736 - Application startup complete.
2026-08-26 22:47:26.161 | INFO     | app.core.middlewares:dispatch:88 - 请求: GET /api/task/cronjob/job/scheduler/jobs | client=127.0.0.1
2026-08-26 22:47:26.183 | INFO     | app.core.middlewares:dispatch:100 - 响应: 200 | 21.5ms
2026-08-26 22:47:26.184 | INFO     | logging:callHandlers:1736 - 127.0.0.1:41002 - "GET /api/task/cronjob/job/scheduler/jobs HTTP/1.1" 200
2026-08-26 22:47:26.503 | INFO     | app.core.middlewares:dispatch:88 - 请求: GET /api/task/cronjob/job/scheduler/status | client=127.0.0.1
2026-08-26 22:47:26.510 | INFO     | app.core.middlewares:dispatch:100 - 响应: 200 | 7.6ms
2026-08-26 22:47:26.511 | INFO     | logging:callHandlers:1736 - 127.0.0.1:38381 - "GET /api/task/cronjob/job/scheduler/status HTTP/1.1" 200
2026-08-26 22:47:46.003 | INFO     | app.core.middlewares:dispatch:88 - 请求: POST /api/task/cronjob/job/task/run/system_database_backup | client=127.0.0.1
2026-08-26 22:47:46.009 | INFO     | app.core.ap_scheduler:_handle_job_added:371 - 任务 system_database_backup_run_now_1787755666.008898 (数据库备份(立即执行)) 已添加到 default 存储器 | cid=77c7e1eb
2026-08-26 22:47:46.010 | INFO     | logging:callHandlers:1736 - Added job "数据库备份(立即执行)" to job store "default" | cid=77c7e1eb
2026-08-26 22:47:46.010 | INFO     | app.core.ap_scheduler:run_job_now:1556 - 任务 system_database_backup 已触发立即执行，临时任务 ID: system_database_backup_run_now_1787755666.008898 | cid=77c7e1eb
2026-08-26 22:47:46.056 | INFO     | app.core.middlewares:dispatch:100 - 响应: 200 | 53.5ms
2026-08-26 22:47:46.057 | INFO     | logging:callHandlers:1736 - 127.0.0.1:28881 - "POST /api/task/cronjob/job/task/run/system_database_backup HTTP/1.1" 200
2026-08-26 22:47:46.134 | INFO     | app.core.ap_scheduler:_handle_job_removed:345 - 任务 system_database_backup_run_now_1787755666.008898 从 default 存储器中移除 | cid=77c7e1eb
2026-08-26 22:47:46.137 | INFO     | logging:callHandlers:1736 - Removed job system_database_backup_run_now_1787755666.008898 | cid=77c7e1eb
2026-08-26 22:47:46.140 | INFO     | app.core.ap_scheduler:_handle_job_submitted:216 - 任务 system_database_backup_run_now_1787755666.008898 提交执行，但未找到任务信息（可能已被移除），尝试创建日志 | cid=77c7e1eb
2026-08-26 22:47:46.165 | INFO     | app.core.ap_scheduler:_create_job_log:864 - 执行日志创建成功: job_id=system_database_backup, id=848 | cid=77c7e1eb
2026-08-26 22:47:46.178 | INFO     | app.core.ap_scheduler:_handle_job_submitted:224 - 任务 system_database_backup 日志创建成功，id=848 | cid=77c7e1eb
2026-08-26 22:47:46.178 | INFO     | logging:callHandlers:1736 - Running job "数据库备份(立即执行) (trigger: date[2026-08-26 22:47:46 CST], next run at: 2026-08-26 22:47:46 CST)" (scheduled at 2026-08-26 22:47:46.108907+08:00) | cid=77c7e1eb
2026-08-26 22:47:46.211 | ERROR    | logging:callHandlers:1736 - Job "数据库备份(立即执行) (trigger: date[2026-08-26 22:47:46 CST], next run at: 2026-08-26 22:47:46 CST)" raised an exception | cid=77c7e1eb
Traceback (most recent call last):

  File "<string>", line 1, in <module>
    from multiprocessing.spawn import spawn_main; spawn_main(parent_pid=28276, pipe_handle=860)
                                      │           └ <function spawn_main at 0x0000020A3CA191C0>
                                      └ <function spawn_main at 0x0000020A3CA191C0>
  File "C:\Users\Administrator\AppData\Local\Programs\Python\Python313\Lib\multiprocessing\spawn.py", line 122, in spawn_main
    exitcode = _main(fd, parent_sentinel)
               │     │   └ 292
               │     └ 3
               └ <function _main at 0x0000020A3CA19260>
  File "C:\Users\Administrator\AppData\Local\Programs\Python\Python313\Lib\multiprocessing\spawn.py", line 135, in _main
    return self._bootstrap(parent_sentinel)
           │    │          └ 292
           │    └ <function BaseProcess._bootstrap at 0x0000020A3C721760>
           └ <SpawnProcess name='SpawnProcess-1' parent=28276 started>
  File "C:\Users\Administrator\AppData\Local\Programs\Python\Python313\Lib\multiprocessing\process.py", line 313, in _bootstrap
    self.run()
    │    └ <function BaseProcess.run at 0x0000020A3C720CC0>
    └ <SpawnProcess name='SpawnProcess-1' parent=28276 started>
  File "C:\Users\Administrator\AppData\Local\Programs\Python\Python313\Lib\multiprocessing\process.py", line 108, in run
    self._target(*self._args, **self._kwargs)
    │    │        │    │        │    └ {'config': <uvicorn.config.Config object at 0x0000020A3C726BA0>, 'target': <bound method Server.run of <uvicorn.server.Server...
    │    │        │    │        └ <SpawnProcess name='SpawnProcess-1' parent=28276 started>
    │    │        │    └ ()
    │    │        └ <SpawnProcess name='SpawnProcess-1' parent=28276 started>
    │    └ <function subprocess_started at 0x0000020A3ED50CC0>
    └ <SpawnProcess name='SpawnProcess-1' parent=28276 started>
  File "C:\Users\Administrator\Desktop\fssadmin_nestjs\FastAdmin\FssAdmin_Python\server\.venv\Lib\site-packages\uvicorn\_subprocess.py", line 80, in subprocess_started
    target(sockets=sockets)
    │              └ [<socket.socket fd=884, family=2, type=1, proto=6, laddr=('127.0.0.1', 8001)>]
    └ <bound method Server.run of <uvicorn.server.Server object at 0x0000020A41D9B230>>
  File "C:\Users\Administrator\Desktop\fssadmin_nestjs\FastAdmin\FssAdmin_Python\server\.venv\Lib\site-packages\uvicorn\server.py", line 75, in run
    return asyncio_run(self.serve(sockets=sockets), loop_factory=self.config.get_loop_factory())
           │           │    │             │                      │    │      └ <function Config.get_loop_factory at 0x0000020A3ED10680>
           │           │    │             │                      │    └ <uvicorn.config.Config object at 0x0000020A3C726BA0>
           │           │    │             │                      └ <uvicorn.server.Server object at 0x0000020A41D9B230>
           │           │    │             └ [<socket.socket fd=884, family=2, type=1, proto=6, laddr=('127.0.0.1', 8001)>]
           │           │    └ <function Server.serve at 0x0000020A3ED47EC0>
           │           └ <uvicorn.server.Server object at 0x0000020A41D9B230>
           └ <function run at 0x0000020A3EA6F560>
  File "C:\Users\Administrator\AppData\Local\Programs\Python\Python313\Lib\asyncio\runners.py", line 194, in run
    return runner.run(main)
           │      │   └ <coroutine object Server.serve at 0x0000020A3C57E7A0>
           │      └ <function Runner.run at 0x0000020A3EAF2CA0>
           └ <asyncio.runners.Runner object at 0x0000020A3C56FB60>
  File "C:\Users\Administrator\AppData\Local\Programs\Python\Python313\Lib\asyncio\runners.py", line 118, in run
    return self._loop.run_until_complete(task)
           │    │     │                  └ <Task pending name='Task-1' coro=<Server.serve() running at C:\Users\Administrator\Desktop\fssadmin_nestjs\FastAdmin\FssAdmin...
           │    │     └ <function BaseEventLoop.run_until_complete at 0x0000020A3EAF0680>
           │    └ <_WindowsSelectorEventLoop running=True closed=False debug=False>
           └ <asyncio.runners.Runner object at 0x0000020A3C56FB60>
  File "C:\Users\Administrator\AppData\Local\Programs\Python\Python313\Lib\asyncio\base_events.py", line 708, in run_until_complete
    self.run_forever()
    │    └ <function BaseEventLoop.run_forever at 0x0000020A3EAF05E0>
    └ <_WindowsSelectorEventLoop running=True closed=False debug=False>
  File "C:\Users\Administrator\AppData\Local\Programs\Python\Python313\Lib\asyncio\base_events.py", line 679, in run_forever
    self._run_once()
    │    └ <function BaseEventLoop._run_once at 0x0000020A3EAF23E0>
    └ <_WindowsSelectorEventLoop running=True closed=False debug=False>
  File "C:\Users\Administrator\AppData\Local\Programs\Python\Python313\Lib\asyncio\base_events.py", line 2027, in _run_once
    handle._run()
    │      └ <function Handle._run at 0x0000020A3EA5F7E0>
    └ <Handle Task.task_wakeup()>
  File "C:\Users\Administrator\AppData\Local\Programs\Python\Python313\Lib\asyncio\events.py", line 89, in _run
    self._context.run(self._callback, *self._args)
    │    │            │    │           │    └ <member '_args' of 'Handle' objects>
    │    │            │    │           └ <Handle Task.task_wakeup()>
    │    │            │    └ <member '_callback' of 'Handle' objects>
    │    │            └ <Handle Task.task_wakeup()>
    │    └ <member '_context' of 'Handle' objects>
    └ <Handle Task.task_wakeup()>
> File "C:\Users\Administrator\Desktop\fssadmin_nestjs\FastAdmin\FssAdmin_Python\server\.venv\Lib\site-packages\apscheduler\executors\base.py", line 181, in run_coroutine_job
    retval = await job.func(*job.args, **job.kwargs)
                   │   │     │   │       │   └ <member 'kwargs' of 'Job' objects>
                   │   │     │   │       └ <Job (id=system_database_backup_run_now_1787755666.008898 name=数据库备份(立即执行))>
                   │   │     │   └ <member 'args' of 'Job' objects>
                   │   │     └ <Job (id=system_database_backup_run_now_1787755666.008898 name=数据库备份(立即执行))>
                   │   └ <member 'func' of 'Job' objects>
                   └ <Job (id=system_database_backup_run_now_1787755666.008898 name=数据库备份(立即执行))>

  File "C:\Users\Administrator\Desktop\fssadmin_nestjs\FastAdmin\FssAdmin_Python\server\app\core\ap_scheduler.py", line 117, in backup_database
    await asyncio.to_thread(run_database_backup)
          │       │         └ <function run_database_backup at 0x0000020A44FC8B80>
          │       └ <function to_thread at 0x0000020A3EB0A020>
          └ <module 'asyncio' from 'C:\\Users\\Administrator\\AppData\\Local\\Programs\\Python\\Python313\\Lib\\asyncio\\__init__.py'>

  File "C:\Users\Administrator\AppData\Local\Programs\Python\Python313\Lib\asyncio\threads.py", line 25, in to_thread
    return await loop.run_in_executor(None, func_call)
                 │    │                     └ functools.partial(<built-in method run of _contextvars.Context object at 0x0000020A44F91AC0>, <function run_database_backup a...
                 │    └ <function BaseEventLoop.run_in_executor at 0x0000020A3EAF0F40>
                 └ <_WindowsSelectorEventLoop running=True closed=False debug=False>
  File "C:\Users\Administrator\AppData\Local\Programs\Python\Python313\Lib\concurrent\futures\thread.py", line 58, in run
    result = self.fn(*self.args, **self.kwargs)
             │        │            └ None
             │        └ None
             └ None

  File "C:\Users\Administrator\Desktop\fssadmin_nestjs\FastAdmin\FssAdmin_Python\server\app\utils\database_backup_util.py", line 115, in run_database_backup
    out_path = _backup_mysql(backup_dir, ts)
               │             │           └ '20260826_224746'
               │             └ WindowsPath('C:/Users/Administrator/Desktop/fssadmin_nestjs/FastAdmin/FssAdmin_Python/server/static/backup')
               └ <function _backup_mysql at 0x0000020A44F9D4E0>

  File "C:\Users\Administrator\Desktop\fssadmin_nestjs\FastAdmin\FssAdmin_Python\server\app\utils\database_backup_util.py", line 39, in _backup_mysql
    raise RuntimeError("未找到 mysqldump，请安装 MySQL 客户端并加入 PATH")

RuntimeError: 未找到 mysqldump，请安装 MySQL 客户端并加入 PATH
2026-08-26 22:47:46.218 | ERROR    | app.core.ap_scheduler:_handle_job_error:273 - 任务 system_database_backup_run_now_1787755666.008898 执行失败: 未找到 mysqldump，请安装 MySQL 客户端并加入 PATH | cid=77c7e1eb
2026-08-26 22:47:46.265 | INFO     | app.core.ap_scheduler:_update_latest_job_log:986 - 执行日志创建成功: job_id=system_database_backup_run_now_1787755666.008898, id=849, status=3 | cid=77c7e1eb
2026-08-26 22:47:46.366 | INFO     | app.core.middlewares:dispatch:88 - 请求: GET /api/task/cronjob/job/scheduler/jobs | client=127.0.0.1
2026-08-26 22:47:46.374 | INFO     | app.core.middlewares:dispatch:100 - 响应: 200 | 8.0ms
2026-08-26 22:47:46.374 | INFO     | logging:callHandlers:1736 - 127.0.0.1:11311 - "GET /api/task/cronjob/job/scheduler/jobs HTTP/1.1" 200
2026-08-26 22:47:46.619 | INFO     | app.core.middlewares:dispatch:88 - 请求: GET /api/task/cronjob/job/scheduler/status | client=127.0.0.1
2026-08-26 22:47:46.626 | INFO     | app.core.middlewares:dispatch:100 - 响应: 200 | 7.2ms
2026-08-26 22:47:46.627 | INFO     | logging:callHandlers:1736 - 127.0.0.1:15271 - "GET /api/task/cronjob/job/scheduler/status HTTP/1.1" 200
2026-08-26 22:47:51.282 | INFO     | app.core.middlewares:dispatch:88 - 请求: POST /api/task/cronjob/job/task/pause/system_database_backup | client=127.0.0.1
2026-08-26 22:47:51.291 | INFO     | app.core.ap_scheduler:_handle_job_modified:398 - 任务 system_database_backup (数据库备份) 已在 default 存储器中修改 | cid=662ffa2a
2026-08-26 22:47:51.330 | INFO     | app.core.middlewares:dispatch:100 - 响应: 200 | 47.9ms
2026-08-26 22:47:51.330 | INFO     | logging:callHandlers:1736 - 127.0.0.1:42700 - "POST /api/task/cronjob/job/task/pause/system_database_backup HTTP/1.1" 200
2026-08-26 22:47:51.654 | INFO     | app.core.middlewares:dispatch:88 - 请求: GET /api/task/cronjob/job/scheduler/jobs | client=127.0.0.1
2026-08-26 22:47:51.661 | INFO     | app.core.middlewares:dispatch:100 - 响应: 200 | 7.3ms
2026-08-26 22:47:51.662 | INFO     | logging:callHandlers:1736 - 127.0.0.1:15705 - "GET /api/task/cronjob/job/scheduler/jobs HTTP/1.1" 200
2026-08-26 22:47:51.905 | INFO     | app.core.middlewares:dispatch:88 - 请求: GET /api/task/cronjob/job/scheduler/status | client=127.0.0.1
2026-08-26 22:47:51.912 | INFO     | app.core.middlewares:dispatch:100 - 响应: 200 | 7.3ms
2026-08-26 22:47:51.913 | INFO     | logging:callHandlers:1736 - 127.0.0.1:15275 - "GET /api/task/cronjob/job/scheduler/status HTTP/1.1" 200
2026-08-26 22:47:55.977 | INFO     | app.core.middlewares:dispatch:88 - 请求: POST /api/task/cronjob/job/task/resume/system_database_backup | client=127.0.0.1
2026-08-26 22:47:55.983 | INFO     | app.core.ap_scheduler:_handle_job_modified:398 - 任务 system_database_backup (数据库备份) 已在 default 存储器中修改 | cid=1bedec59
2026-08-26 22:47:56.012 | INFO     | app.core.middlewares:dispatch:100 - 响应: 200 | 34.9ms
2026-08-26 22:47:56.012 | INFO     | logging:callHandlers:1736 - 127.0.0.1:28873 - "POST /api/task/cronjob/job/task/resume/system_database_backup HTTP/1.1" 200
2026-08-26 22:47:56.323 | INFO     | app.core.middlewares:dispatch:88 - 请求: GET /api/task/cronjob/job/scheduler/jobs | client=127.0.0.1
2026-08-26 22:47:56.330 | INFO     | app.core.middlewares:dispatch:100 - 响应: 200 | 7.8ms
2026-08-26 22:47:56.331 | INFO     | logging:callHandlers:1736 - 127.0.0.1:36915 - "GET /api/task/cronjob/job/scheduler/jobs HTTP/1.1" 200
2026-08-26 22:47:56.574 | INFO     | app.core.middlewares:dispatch:88 - 请求: GET /api/task/cronjob/job/scheduler/status | client=127.0.0.1
2026-08-26 22:47:56.581 | INFO     | app.core.middlewares:dispatch:100 - 响应: 200 | 6.9ms
2026-08-26 22:47:56.581 | INFO     | logging:callHandlers:1736 - 127.0.0.1:35700 - "GET /api/task/cronjob/job/scheduler/status HTTP/1.1" 200
2026-08-26 22:47:59.944 | INFO     | app.core.middlewares:dispatch:88 - 请求: POST /api/task/cronjob/job/task/run/system_cleanup_operation_log | client=127.0.0.1
2026-08-26 22:47:59.951 | INFO     | app.core.ap_scheduler:_handle_job_added:371 - 任务 system_cleanup_operation_log_run_now_1787755679.951012 (操作日志清理(立即执行)) 已添加到 default 存储器 | cid=eabe6e11
2026-08-26 22:47:59.952 | INFO     | logging:callHandlers:1736 - Added job "操作日志清理(立即执行)" to job store "default" | cid=eabe6e11
2026-08-26 22:47:59.952 | INFO     | app.core.ap_scheduler:run_job_now:1556 - 任务 system_cleanup_operation_log 已触发立即执行，临时任务 ID: system_cleanup_operation_log_run_now_1787755679.951012 | cid=eabe6e11
2026-08-26 22:48:00.044 | INFO     | app.core.middlewares:dispatch:100 - 响应: 200 | 99.8ms
2026-08-26 22:48:00.045 | INFO     | logging:callHandlers:1736 - 127.0.0.1:47633 - "POST /api/task/cronjob/job/task/run/system_cleanup_operation_log HTTP/1.1" 200
2026-08-26 22:48:00.060 | INFO     | app.core.ap_scheduler:_handle_job_removed:345 - 任务 system_cleanup_operation_log_run_now_1787755679.951012 从 default 存储器中移除 | cid=eabe6e11
2026-08-26 22:48:00.062 | INFO     | logging:callHandlers:1736 - Removed job system_cleanup_operation_log_run_now_1787755679.951012 | cid=eabe6e11
2026-08-26 22:48:00.065 | INFO     | app.core.ap_scheduler:_handle_job_submitted:216 - 任务 system_cleanup_operation_log_run_now_1787755679.951012 提交执行，但未找到任务信息（可能已被移除），尝试创建日志 | cid=eabe6e11
2026-08-26 22:48:00.086 | INFO     | app.core.ap_scheduler:_create_job_log:864 - 执行日志创建成功: job_id=system_cleanup_operation_log, id=850 | cid=eabe6e11
2026-08-26 22:48:00.087 | INFO     | app.core.ap_scheduler:_handle_job_submitted:224 - 任务 system_cleanup_operation_log 日志创建成功，id=850 | cid=eabe6e11
2026-08-26 22:48:00.087 | INFO     | logging:callHandlers:1736 - Running job "操作日志清理(立即执行) (trigger: date[2026-08-26 22:48:00 CST], next run at: 2026-08-26 22:48:00 CST)" (scheduled at 2026-08-26 22:48:00.051022+08:00) | cid=eabe6e11
2026-08-26 22:48:00.119 | INFO     | app.core.ap_scheduler:cleanup_operation_log:108 - 操作日志清理: 软删 145 条 | cid=eabe6e11
2026-08-26 22:48:00.119 | INFO     | logging:callHandlers:1736 - Job "操作日志清理(立即执行) (trigger: date[2026-08-26 22:48:00 CST], next run at: 2026-08-26 22:48:00 CST)" executed successfully | cid=eabe6e11
2026-08-26 22:48:00.120 | INFO     | app.core.ap_scheduler:_handle_job_executed:237 - 任务 system_cleanup_operation_log_run_now_1787755679.951012 执行成功 | cid=eabe6e11
2026-08-26 22:48:00.153 | INFO     | app.core.ap_scheduler:_update_latest_job_log:986 - 执行日志创建成功: job_id=system_cleanup_operation_log_run_now_1787755679.951012, id=851, status=2 | cid=eabe6e11
2026-08-26 22:48:00.358 | INFO     | app.core.middlewares:dispatch:88 - 请求: GET /api/task/cronjob/job/scheduler/jobs | client=127.0.0.1
2026-08-26 22:48:00.368 | INFO     | app.core.middlewares:dispatch:100 - 响应: 200 | 9.3ms
2026-08-26 22:48:00.368 | INFO     | logging:callHandlers:1736 - 127.0.0.1:37493 - "GET /api/task/cronjob/job/scheduler/jobs HTTP/1.1" 200
2026-08-26 22:48:00.610 | INFO     | app.core.middlewares:dispatch:88 - 请求: GET /api/task/cronjob/job/scheduler/status | client=127.0.0.1
2026-08-26 22:48:00.617 | INFO     | app.core.middlewares:dispatch:100 - 响应: 200 | 7.4ms
2026-08-26 22:48:00.617 | INFO     | logging:callHandlers:1736 - 127.0.0.1:57218 - "GET /api/task/cronjob/job/scheduler/status HTTP/1.1" 200
2026-08-26 22:48:01.038 | INFO     | app.core.middlewares:dispatch:88 - 请求: GET /api/task/cronjob/job/log/list | client=127.0.0.1
2026-08-26 22:48:01.055 | INFO     | app.core.middlewares:dispatch:100 - 响应: 200 | 17.2ms
2026-08-26 22:48:01.057 | INFO     | logging:callHandlers:1736 - 127.0.0.1:64074 - "GET /api/task/cronjob/job/log/list?page_no=1&page_size=10&job_id=system_cleanup_operation_log HTTP/1.1" 200
2026-08-26 22:48:08.212 | INFO     | app.core.middlewares:dispatch:88 - 请求: POST /api/task/cronjob/job/task/run/system_database_backup | client=127.0.0.1
2026-08-26 22:48:08.218 | INFO     | app.core.ap_scheduler:_handle_job_added:371 - 任务 system_database_backup_run_now_1787755688.218211 (数据库备份(立即执行)) 已添加到 default 存储器 | cid=1a5ef3d6
2026-08-26 22:48:08.219 | INFO     | logging:callHandlers:1736 - Added job "数据库备份(立即执行)" to job store "default" | cid=1a5ef3d6
2026-08-26 22:48:08.219 | INFO     | app.core.ap_scheduler:run_job_now:1556 - 任务 system_database_backup 已触发立即执行，临时任务 ID: system_database_backup_run_now_1787755688.218211 | cid=1a5ef3d6
2026-08-26 22:48:08.250 | INFO     | app.core.middlewares:dispatch:100 - 响应: 200 | 38.4ms
2026-08-26 22:48:08.251 | INFO     | logging:callHandlers:1736 - 127.0.0.1:37395 - "POST /api/task/cronjob/job/task/run/system_database_backup HTTP/1.1" 200
2026-08-26 22:48:08.327 | INFO     | app.core.ap_scheduler:_handle_job_removed:345 - 任务 system_database_backup_run_now_1787755688.218211 从 default 存储器中移除 | cid=1a5ef3d6
2026-08-26 22:48:08.331 | INFO     | logging:callHandlers:1736 - Removed job system_database_backup_run_now_1787755688.218211 | cid=1a5ef3d6
2026-08-26 22:48:08.334 | INFO     | app.core.ap_scheduler:_handle_job_submitted:216 - 任务 system_database_backup_run_now_1787755688.218211 提交执行，但未找到任务信息（可能已被移除），尝试创建日志 | cid=1a5ef3d6
2026-08-26 22:48:08.359 | INFO     | app.core.ap_scheduler:_create_job_log:864 - 执行日志创建成功: job_id=system_database_backup, id=852 | cid=1a5ef3d6
2026-08-26 22:48:08.362 | INFO     | app.core.ap_scheduler:_handle_job_submitted:224 - 任务 system_database_backup 日志创建成功，id=852 | cid=1a5ef3d6
2026-08-26 22:48:08.364 | INFO     | logging:callHandlers:1736 - Running job "数据库备份(立即执行) (trigger: date[2026-08-26 22:48:08 CST], next run at: 2026-08-26 22:48:08 CST)" (scheduled at 2026-08-26 22:48:08.318218+08:00) | cid=1a5ef3d6
2026-08-26 22:48:08.373 | ERROR    | logging:callHandlers:1736 - Job "数据库备份(立即执行) (trigger: date[2026-08-26 22:48:08 CST], next run at: 2026-08-26 22:48:08 CST)" raised an exception | cid=1a5ef3d6
Traceback (most recent call last):

  File "<string>", line 1, in <module>
    from multiprocessing.spawn import spawn_main; spawn_main(parent_pid=28276, pipe_handle=860)
                                      │           └ <function spawn_main at 0x0000020A3CA191C0>
                                      └ <function spawn_main at 0x0000020A3CA191C0>
  File "C:\Users\Administrator\AppData\Local\Programs\Python\Python313\Lib\multiprocessing\spawn.py", line 122, in spawn_main
    exitcode = _main(fd, parent_sentinel)
               │     │   └ 292
               │     └ 3
               └ <function _main at 0x0000020A3CA19260>
  File "C:\Users\Administrator\AppData\Local\Programs\Python\Python313\Lib\multiprocessing\spawn.py", line 135, in _main
    return self._bootstrap(parent_sentinel)
           │    │          └ 292
           │    └ <function BaseProcess._bootstrap at 0x0000020A3C721760>
           └ <SpawnProcess name='SpawnProcess-1' parent=28276 started>
  File "C:\Users\Administrator\AppData\Local\Programs\Python\Python313\Lib\multiprocessing\process.py", line 313, in _bootstrap
    self.run()
    │    └ <function BaseProcess.run at 0x0000020A3C720CC0>
    └ <SpawnProcess name='SpawnProcess-1' parent=28276 started>
  File "C:\Users\Administrator\AppData\Local\Programs\Python\Python313\Lib\multiprocessing\process.py", line 108, in run
    self._target(*self._args, **self._kwargs)
    │    │        │    │        │    └ {'config': <uvicorn.config.Config object at 0x0000020A3C726BA0>, 'target': <bound method Server.run of <uvicorn.server.Server...
    │    │        │    │        └ <SpawnProcess name='SpawnProcess-1' parent=28276 started>
    │    │        │    └ ()
    │    │        └ <SpawnProcess name='SpawnProcess-1' parent=28276 started>
    │    └ <function subprocess_started at 0x0000020A3ED50CC0>
    └ <SpawnProcess name='SpawnProcess-1' parent=28276 started>
  File "C:\Users\Administrator\Desktop\fssadmin_nestjs\FastAdmin\FssAdmin_Python\server\.venv\Lib\site-packages\uvicorn\_subprocess.py", line 80, in subprocess_started
    target(sockets=sockets)
    │              └ [<socket.socket fd=884, family=2, type=1, proto=6, laddr=('127.0.0.1', 8001)>]
    └ <bound method Server.run of <uvicorn.server.Server object at 0x0000020A41D9B230>>
  File "C:\Users\Administrator\Desktop\fssadmin_nestjs\FastAdmin\FssAdmin_Python\server\.venv\Lib\site-packages\uvicorn\server.py", line 75, in run
    return asyncio_run(self.serve(sockets=sockets), loop_factory=self.config.get_loop_factory())
           │           │    │             │                      │    │      └ <function Config.get_loop_factory at 0x0000020A3ED10680>
           │           │    │             │                      │    └ <uvicorn.config.Config object at 0x0000020A3C726BA0>
           │           │    │             │                      └ <uvicorn.server.Server object at 0x0000020A41D9B230>
           │           │    │             └ [<socket.socket fd=884, family=2, type=1, proto=6, laddr=('127.0.0.1', 8001)>]
           │           │    └ <function Server.serve at 0x0000020A3ED47EC0>
           │           └ <uvicorn.server.Server object at 0x0000020A41D9B230>
           └ <function run at 0x0000020A3EA6F560>
  File "C:\Users\Administrator\AppData\Local\Programs\Python\Python313\Lib\asyncio\runners.py", line 194, in run
    return runner.run(main)
           │      │   └ <coroutine object Server.serve at 0x0000020A3C57E7A0>
           │      └ <function Runner.run at 0x0000020A3EAF2CA0>
           └ <asyncio.runners.Runner object at 0x0000020A3C56FB60>
  File "C:\Users\Administrator\AppData\Local\Programs\Python\Python313\Lib\asyncio\runners.py", line 118, in run
    return self._loop.run_until_complete(task)
           │    │     │                  └ <Task pending name='Task-1' coro=<Server.serve() running at C:\Users\Administrator\Desktop\fssadmin_nestjs\FastAdmin\FssAdmin...
           │    │     └ <function BaseEventLoop.run_until_complete at 0x0000020A3EAF0680>
           │    └ <_WindowsSelectorEventLoop running=True closed=False debug=False>
           └ <asyncio.runners.Runner object at 0x0000020A3C56FB60>
  File "C:\Users\Administrator\AppData\Local\Programs\Python\Python313\Lib\asyncio\base_events.py", line 708, in run_until_complete
    self.run_forever()
    │    └ <function BaseEventLoop.run_forever at 0x0000020A3EAF05E0>
    └ <_WindowsSelectorEventLoop running=True closed=False debug=False>
  File "C:\Users\Administrator\AppData\Local\Programs\Python\Python313\Lib\asyncio\base_events.py", line 679, in run_forever
    self._run_once()
    │    └ <function BaseEventLoop._run_once at 0x0000020A3EAF23E0>
    └ <_WindowsSelectorEventLoop running=True closed=False debug=False>
  File "C:\Users\Administrator\AppData\Local\Programs\Python\Python313\Lib\asyncio\base_events.py", line 2027, in _run_once
    handle._run()
    │      └ <function Handle._run at 0x0000020A3EA5F7E0>
    └ <Handle Task.task_wakeup()>
  File "C:\Users\Administrator\AppData\Local\Programs\Python\Python313\Lib\asyncio\events.py", line 89, in _run
    self._context.run(self._callback, *self._args)
    │    │            │    │           │    └ <member '_args' of 'Handle' objects>
    │    │            │    │           └ <Handle Task.task_wakeup()>
    │    │            │    └ <member '_callback' of 'Handle' objects>
    │    │            └ <Handle Task.task_wakeup()>
    │    └ <member '_context' of 'Handle' objects>
    └ <Handle Task.task_wakeup()>
> File "C:\Users\Administrator\Desktop\fssadmin_nestjs\FastAdmin\FssAdmin_Python\server\.venv\Lib\site-packages\apscheduler\executors\base.py", line 181, in run_coroutine_job
    retval = await job.func(*job.args, **job.kwargs)
                   │   │     │   │       │   └ <member 'kwargs' of 'Job' objects>
                   │   │     │   │       └ <Job (id=system_database_backup_run_now_1787755688.218211 name=数据库备份(立即执行))>
                   │   │     │   └ <member 'args' of 'Job' objects>
                   │   │     └ <Job (id=system_database_backup_run_now_1787755688.218211 name=数据库备份(立即执行))>
                   │   └ <member 'func' of 'Job' objects>
                   └ <Job (id=system_database_backup_run_now_1787755688.218211 name=数据库备份(立即执行))>

  File "C:\Users\Administrator\Desktop\fssadmin_nestjs\FastAdmin\FssAdmin_Python\server\app\core\ap_scheduler.py", line 117, in backup_database
    await asyncio.to_thread(run_database_backup)
          │       │         └ <function run_database_backup at 0x0000020A44FC8B80>
          │       └ <function to_thread at 0x0000020A3EB0A020>
          └ <module 'asyncio' from 'C:\\Users\\Administrator\\AppData\\Local\\Programs\\Python\\Python313\\Lib\\asyncio\\__init__.py'>

  File "C:\Users\Administrator\AppData\Local\Programs\Python\Python313\Lib\asyncio\threads.py", line 25, in to_thread
    return await loop.run_in_executor(None, func_call)
                 │    │                     └ functools.partial(<built-in method run of _contextvars.Context object at 0x0000020A44F91340>, <function run_database_backup a...
                 │    └ <function BaseEventLoop.run_in_executor at 0x0000020A3EAF0F40>
                 └ <_WindowsSelectorEventLoop running=True closed=False debug=False>
  File "C:\Users\Administrator\AppData\Local\Programs\Python\Python313\Lib\concurrent\futures\thread.py", line 58, in run
    result = self.fn(*self.args, **self.kwargs)
             │        │            └ None
             │        └ None
             └ None

  File "C:\Users\Administrator\Desktop\fssadmin_nestjs\FastAdmin\FssAdmin_Python\server\app\utils\database_backup_util.py", line 115, in run_database_backup
    out_path = _backup_mysql(backup_dir, ts)
               │             │           └ '20260826_224808'
               │             └ WindowsPath('C:/Users/Administrator/Desktop/fssadmin_nestjs/FastAdmin/FssAdmin_Python/server/static/backup')
               └ <function _backup_mysql at 0x0000020A44F9D4E0>

  File "C:\Users\Administrator\Desktop\fssadmin_nestjs\FastAdmin\FssAdmin_Python\server\app\utils\database_backup_util.py", line 39, in _backup_mysql
    raise RuntimeError("未找到 mysqldump，请安装 MySQL 客户端并加入 PATH")

RuntimeError: 未找到 mysqldump，请安装 MySQL 客户端并加入 PATH
2026-08-26 22:48:08.380 | ERROR    | app.core.ap_scheduler:_handle_job_error:273 - 任务 system_database_backup_run_now_1787755688.218211 执行失败: 未找到 mysqldump，请安装 MySQL 客户端并加入 PATH | cid=1a5ef3d6
2026-08-26 22:48:08.417 | INFO     | app.core.ap_scheduler:_update_latest_job_log:986 - 执行日志创建成功: job_id=system_database_backup_run_now_1787755688.218211, id=853, status=3 | cid=1a5ef3d6
2026-08-26 22:48:08.463 | INFO     | app.core.middlewares:dispatch:88 - 请求: GET /api/task/cronjob/job/scheduler/jobs | client=127.0.0.1
2026-08-26 22:48:08.471 | INFO     | app.core.middlewares:dispatch:100 - 响应: 200 | 8.1ms
2026-08-26 22:48:08.471 | INFO     | logging:callHandlers:1736 - 127.0.0.1:58261 - "GET /api/task/cronjob/job/scheduler/jobs HTTP/1.1" 200
2026-08-26 22:48:08.563 | INFO     | app.core.middlewares:dispatch:88 - 请求: GET /api/task/cronjob/job/scheduler/status | client=127.0.0.1
2026-08-26 22:48:08.570 | INFO     | app.core.middlewares:dispatch:100 - 响应: 200 | 6.9ms
2026-08-26 22:48:08.570 | INFO     | logging:callHandlers:1736 - 127.0.0.1:11175 - "GET /api/task/cronjob/job/scheduler/status HTTP/1.1" 200
2026-08-26 22:48:09.790 | INFO     | app.core.middlewares:dispatch:88 - 请求: GET /api/task/cronjob/job/log/list | client=127.0.0.1
2026-08-26 22:48:09.801 | INFO     | app.core.middlewares:dispatch:100 - 响应: 200 | 11.3ms
2026-08-26 22:48:09.802 | INFO     | logging:callHandlers:1736 - 127.0.0.1:35037 - "GET /api/task/cronjob/job/log/list?page_no=1&page_size=10&job_id=system_database_backup HTTP/1.1" 200
2026-08-26 22:50:10.522 | INFO     | app.core.middlewares:dispatch:88 - 请求: GET /api/core/logs/getLoginLogPageList | client=127.0.0.1
2026-08-26 22:50:10.541 | INFO     | app.core.middlewares:dispatch:100 - 响应: 200 | 18.2ms
2026-08-26 22:50:10.541 | INFO     | logging:callHandlers:1736 - 127.0.0.1:39183 - "GET /api/core/logs/getLoginLogPageList?page=1&limit=10&orderField=login_time&orderType=desc HTTP/1.1" 200
2026-08-26 22:50:12.308 | INFO     | app.core.middlewares:dispatch:88 - 请求: GET /api/article/list | client=127.0.0.1
2026-08-26 22:50:12.311 | ERROR    | app.core.exceptions:http_exception_handler:64 - [HTTP异常] GET /api/article/list | status_code=404 | detail=Not Found | cid=e0d74644
2026-08-26 22:50:12.312 | INFO     | app.core.middlewares:dispatch:100 - 响应: 404 | 3.9ms
2026-08-26 22:50:12.312 | INFO     | logging:callHandlers:1736 - 127.0.0.1:63883 - "GET /api/article/list?page=1&limit=10 HTTP/1.1" 404
2026-08-26 22:50:13.604 | INFO     | app.core.middlewares:dispatch:88 - 请求: GET /api/core/logs/getLoginLogPageList | client=127.0.0.1
2026-08-26 22:50:13.616 | INFO     | app.core.middlewares:dispatch:100 - 响应: 200 | 12.2ms
2026-08-26 22:50:13.616 | INFO     | logging:callHandlers:1736 - 127.0.0.1:63885 - "GET /api/core/logs/getLoginLogPageList?page=1&limit=10&orderField=login_time&orderType=desc HTTP/1.1" 200
2026-08-26 22:50:15.127 | INFO     | app.core.middlewares:dispatch:88 - 请求: GET /api/core/server/redis/browser/level1 | client=127.0.0.1
2026-08-26 22:50:15.134 | INFO     | app.core.middlewares:dispatch:100 - 响应: 200 | 6.6ms
2026-08-26 22:50:15.134 | INFO     | logging:callHandlers:1736 - 127.0.0.1:63887 - "GET /api/core/server/redis/browser/level1?pattern=* HTTP/1.1" 200
2026-08-26 22:50:16.417 | INFO     | app.core.middlewares:dispatch:88 - 请求: GET /api/core/server/monitor | client=127.0.0.1
2026-08-26 22:50:16.426 | INFO     | app.core.middlewares:dispatch:100 - 响应: 200 | 8.4ms
2026-08-26 22:50:16.427 | INFO     | logging:callHandlers:1736 - 127.0.0.1:63889 - "GET /api/core/server/monitor HTTP/1.1" 200
2026-08-26 22:50:19.124 | INFO     | app.core.middlewares:dispatch:88 - 请求: GET /api/core/server/redis/browser/level1 | client=127.0.0.1
2026-08-26 22:50:19.133 | INFO     | app.core.middlewares:dispatch:100 - 响应: 200 | 8.7ms
2026-08-26 22:50:19.133 | INFO     | logging:callHandlers:1736 - 127.0.0.1:14009 - "GET /api/core/server/redis/browser/level1?pattern=* HTTP/1.1" 200
2026-08-26 22:50:22.681 | INFO     | app.core.middlewares:dispatch:88 - 请求: GET /api/core/logs/getLoginLogPageList | client=127.0.0.1
2026-08-26 22:50:22.691 | INFO     | app.core.middlewares:dispatch:100 - 响应: 200 | 9.7ms
2026-08-26 22:50:22.691 | INFO     | logging:callHandlers:1736 - 127.0.0.1:20082 - "GET /api/core/logs/getLoginLogPageList?page=1&limit=10&orderField=login_time&orderType=desc HTTP/1.1" 200
2026-08-26 22:50:23.694 | INFO     | app.core.middlewares:dispatch:88 - 请求: GET /api/task/cronjob/job/scheduler/jobs | client=127.0.0.1
2026-08-26 22:50:23.742 | INFO     | app.core.middlewares:dispatch:100 - 响应: 200 | 47.8ms
2026-08-26 22:50:23.742 | INFO     | logging:callHandlers:1736 - 127.0.0.1:50443 - "GET /api/task/cronjob/job/scheduler/jobs HTTP/1.1" 200
2026-08-26 22:50:24.065 | INFO     | app.core.middlewares:dispatch:88 - 请求: GET /api/task/cronjob/job/scheduler/status | client=127.0.0.1
2026-08-26 22:50:24.099 | INFO     | app.core.middlewares:dispatch:100 - 响应: 200 | 34.2ms
2026-08-26 22:50:24.099 | INFO     | logging:callHandlers:1736 - 127.0.0.1:48139 - "GET /api/task/cronjob/job/scheduler/status HTTP/1.1" 200
2026-08-26 22:50:24.810 | INFO     | app.core.middlewares:dispatch:88 - 请求: GET /api/tool/code/index | client=127.0.0.1
2026-08-26 22:50:24.812 | ERROR    | app.core.exceptions:http_exception_handler:64 - [HTTP异常] GET /api/tool/code/index | status_code=404 | detail=Not Found | cid=aff386d8
2026-08-26 22:50:24.814 | INFO     | app.core.middlewares:dispatch:100 - 响应: 404 | 3.9ms
2026-08-26 22:50:24.814 | INFO     | logging:callHandlers:1736 - 127.0.0.1:33895 - "GET /api/tool/code/index?page=1&limit=10 HTTP/1.1" 404
2026-08-26 22:50:26.353 | INFO     | app.core.middlewares:dispatch:88 - 请求: GET /api/core/system/statistics | client=127.0.0.1
2026-08-26 22:50:26.354 | INFO     | app.core.middlewares:dispatch:88 - 请求: GET /api/core/system/loginBarChart | client=127.0.0.1
2026-08-26 22:50:26.357 | INFO     | app.core.middlewares:dispatch:88 - 请求: GET /api/core/system/loginChart | client=127.0.0.1
2026-08-26 22:50:30.426 | INFO     | app.core.middlewares:dispatch:100 - 响应: 200 | 4072.8ms
2026-08-26 22:50:30.427 | INFO     | logging:callHandlers:1736 - 127.0.0.1:26304 - "GET /api/core/system/statistics HTTP/1.1" 200
2026-08-26 22:50:30.461 | INFO     | app.core.middlewares:dispatch:100 - 响应: 200 | 4107.4ms
2026-08-26 22:50:30.462 | INFO     | logging:callHandlers:1736 - 127.0.0.1:26305 - "GET /api/core/system/loginBarChart HTTP/1.1" 200
2026-08-26 22:50:30.481 | INFO     | app.core.middlewares:dispatch:100 - 响应: 200 | 4123.4ms
2026-08-26 22:50:30.481 | INFO     | logging:callHandlers:1736 - 127.0.0.1:26306 - "GET /api/core/system/loginChart HTTP/1.1" 200
2026-08-26 22:51:56.347 | WARNING  | logging:callHandlers:1736 - StatReload detected changes in 'app\config\path_conf.py'. Reloading...
2026-08-26 22:51:56.417 | INFO     | logging:callHandlers:1736 - Shutting down
2026-08-26 22:51:56.526 | INFO     | logging:callHandlers:1736 - Waiting for application shutdown.
2026-08-26 22:51:56.527 | INFO     | app.api.v1.module_platform.video.meta_queue:stop:125 - MetaFetchQueue stopped
2026-08-26 22:51:56.527 | INFO     | app.api.v1.module_platform.video.downloader:stop:151 - DownloadQueue stopping: 服务关闭
2026-08-26 22:51:56.529 | INFO     | app.api.v1.module_platform.video.downloader:stop:188 - DownloadQueue stopped
2026-08-26 22:51:56.531 | INFO     | logging:callHandlers:1736 - Scheduler has been shut down
2026-08-26 22:51:56.531 | INFO     | app.core.ap_scheduler:_handle_scheduler_shutdown:415 - 调度器已关闭
2026-08-26 22:51:56.531 | INFO     | app.core.ap_scheduler:_update_scheduler_status:520 - 调度器状态变更: 0
2026-08-26 22:51:56.532 | INFO     | app.core.database:redis_connect:201 - ✅️ Redis连接已关闭
2026-08-26 22:51:56.534 | INFO     | logging:callHandlers:1736 - Application shutdown complete.
2026-08-26 22:51:56.535 | INFO     | logging:callHandlers:1736 - Finished server process [4336]
2026-08-26 22:51:58.924 | INFO     | logging:callHandlers:1736 - Started server process [26612]
2026-08-26 22:51:58.924 | INFO     | logging:callHandlers:1736 - Waiting for application startup.
2026-08-26 22:51:58.930 | INFO     | app.scripts.initialize:init_db:119 - sa_system_user 已有数据，跳过 fssoa.sql 导入
2026-08-26 22:51:58.931 | INFO     | app.init_app:lifespan:26 - ✅ mysql数据库初始化完成
2026-08-26 22:52:00.983 | INFO     | app.init_app:lifespan:28 - ✅ 全局事件模块加载完成
2026-08-26 22:52:00.983 | INFO     | app.init_app:lifespan:32 - ✅ fastapi-admin-cache 初始化完成
2026-08-26 22:52:00.984 | INFO     | app.init_app:lifespan:53 - ✅ 请求限流器初始化完成 (10000次/60秒)
2026-08-26 22:52:01.031 | INFO     | logging:callHandlers:1736 - Scheduler started
2026-08-26 22:52:03.075 | INFO     | app.core.ap_scheduler:_handle_job_added:371 - 任务 system_cleanup_operation_log (操作日志清理) 已添加到 default 存储器
2026-08-26 22:52:03.123 | INFO     | app.core.ap_scheduler:_cleanup_obsolete_pending_logs:826 - 清理了任务 system_cleanup_operation_log 的 1 条旧 pending 日志
2026-08-26 22:52:03.152 | INFO     | app.core.ap_scheduler:_create_job_log:864 - 执行日志创建成功: job_id=system_cleanup_operation_log, id=854
2026-08-26 22:52:03.153 | INFO     | app.core.ap_scheduler:_handle_job_added:384 - 任务 system_cleanup_operation_log 已创建初始 pending 状态日志
2026-08-26 22:52:03.153 | INFO     | logging:callHandlers:1736 - Added job "操作日志清理" to job store "default"
2026-08-26 22:52:03.154 | INFO     | app.core.ap_scheduler:_handle_job_added:371 - 任务 system_database_backup (数据库备份) 已添加到 default 存储器
2026-08-26 22:52:03.182 | INFO     | app.core.ap_scheduler:_cleanup_obsolete_pending_logs:826 - 清理了任务 system_database_backup 的 1 条旧 pending 日志
2026-08-26 22:52:03.208 | INFO     | app.core.ap_scheduler:_create_job_log:864 - 执行日志创建成功: job_id=system_database_backup, id=855
2026-08-26 22:52:03.209 | INFO     | app.core.ap_scheduler:_handle_job_added:384 - 任务 system_database_backup 已创建初始 pending 状态日志
2026-08-26 22:52:03.209 | INFO     | logging:callHandlers:1736 - Added job "数据库备份" to job store "default"
2026-08-26 22:52:03.209 | INFO     | app.core.ap_scheduler:_register_system_jobs:661 - 系统周期任务已注册 2 个
2026-08-26 22:52:03.209 | INFO     | app.init_app:lifespan:68 - ✅ APScheduler 初始化完成
2026-08-26 22:52:05.250 | INFO     | app.api.v1.module_platform.video.meta_queue:start:106 - MetaFetchQueue started workers=1 recover_on_start=False recovered=0
2026-08-26 22:52:05.253 | INFO     | app.api.v1.module_platform.video.downloader:start:144 - DownloadQueue started workers=2 recovered=0
2026-08-26 22:52:05.260 | INFO     | app.init_app:lifespan:86 - ✅ 视频队列已启动 (meta_recover_on_start=False, ytdlp_subprocess=True)
2026-08-26 22:52:05.287 | INFO     | logging:callHandlers:1736 - Application startup complete.
2026-08-26 22:52:27.923 | INFO     | logging:callHandlers:1736 - Shutting down
2026-08-26 22:52:28.028 | INFO     | logging:callHandlers:1736 - Waiting for application shutdown.
2026-08-26 22:52:28.028 | INFO     | app.api.v1.module_platform.video.meta_queue:stop:125 - MetaFetchQueue stopped
2026-08-26 22:52:28.031 | INFO     | app.api.v1.module_platform.video.downloader:stop:151 - DownloadQueue stopping: 服务关闭
2026-08-26 22:52:28.033 | INFO     | app.api.v1.module_platform.video.downloader:stop:188 - DownloadQueue stopped
2026-08-26 22:52:28.035 | INFO     | logging:callHandlers:1736 - Scheduler has been shut down
2026-08-26 22:52:28.035 | INFO     | app.core.ap_scheduler:_handle_scheduler_shutdown:415 - 调度器已关闭
2026-08-26 22:52:28.035 | INFO     | app.core.ap_scheduler:_update_scheduler_status:520 - 调度器状态变更: 0
2026-08-26 22:52:28.036 | INFO     | app.core.database:redis_connect:201 - ✅️ Redis连接已关闭
2026-08-26 22:52:28.039 | INFO     | logging:callHandlers:1736 - Application shutdown complete.
2026-08-26 22:52:28.039 | INFO     | logging:callHandlers:1736 - Finished server process [26612]
2026-08-26 22:52:29.515 | INFO     | logging:callHandlers:1736 - Stopping reloader process [28276]
2026-08-26 22:52:31.901 | INFO     | __main__:run:75 - 🚀 当前运行环境: dev



////////////////////////////////////////////////////////////////////
//                          _ooOoo_                               //
//                         o8888888o                              //
//                         88" . "88                              //
//                         (| ^_^ |)                              //
//                         O\  =  /O                              //
//                      ____/`---'\____                           //
//                    .'  \\|     |//  `.                         //
//                   /  \\|||  :  |||//  \                        //
//                  /  _||||| -:- |||||-  \                       //
//                  |   | \\\  -  /// |   |                       //
//                  | \_|  ''\---/''  |   |                       //
//                  \  .-\__  `-`  ___/-. /                       //
//                ___`. .'  /--.--\  `. . ___                     //
//              ."" '<  `.___\_<|>_/___.'  >'"".                  //
//            | | :  `- \`.;`\ _ /`;.`/ - ` : | |                 //
//            \  \ `-.   \_ __\ /__ _/   .-` /  /                 //
//      ========`-.____`-.___\_____/___.-`____.-'========         //
//                           `=---='                              //
//      ^^^^^^^^^^^^^^^^^^^^^^^^^^^^^^^^^^^^^^^^^^^^^^^^^^        //
//         佛祖保佑       永无BUG     永不修改                     //
////////////////////////////////////////////////////////////////////



2026-08-26 22:52:31.902 | INFO     | logging:callHandlers:1736 - Will watch for changes in these directories: ['C:\\Users\\Administrator\\Desktop\\fssadmin_nestjs\\FastAdmin\\FssAdmin_Python\\server']
2026-08-26 22:52:31.906 | INFO     | logging:callHandlers:1736 - Uvicorn running on http://localhost:8001 (Press CTRL+C to quit)
2026-08-26 22:52:31.907 | INFO     | logging:callHandlers:1736 - Started reloader process [2448] using StatReload
2026-08-26 22:52:33.735 | INFO     | logging:callHandlers:1736 - Started server process [1156]
2026-08-26 22:52:33.736 | INFO     | logging:callHandlers:1736 - Waiting for application startup.
2026-08-26 22:52:33.756 | INFO     | app.scripts.initialize:init_db:119 - sa_system_user 已有数据，跳过 fssoa.sql 导入
2026-08-26 22:52:33.756 | INFO     | app.init_app:lifespan:26 - ✅ mysql数据库初始化完成
2026-08-26 22:52:35.789 | INFO     | app.init_app:lifespan:28 - ✅ 全局事件模块加载完成
2026-08-26 22:52:41.021 | INFO     | app.init_app:lifespan:32 - ✅ fastapi-admin-cache 初始化完成
2026-08-26 22:52:41.025 | INFO     | app.init_app:lifespan:53 - ✅ 请求限流器初始化完成 (10000次/60秒)
2026-08-26 22:52:41.056 | INFO     | logging:callHandlers:1736 - Scheduler started
2026-08-26 22:52:43.091 | INFO     | app.core.ap_scheduler:_handle_job_added:371 - 任务 system_cleanup_operation_log (操作日志清理) 已添加到 default 存储器
2026-08-26 22:52:43.139 | INFO     | app.core.ap_scheduler:_cleanup_obsolete_pending_logs:826 - 清理了任务 system_cleanup_operation_log 的 1 条旧 pending 日志
2026-08-26 22:52:43.166 | INFO     | app.core.ap_scheduler:_create_job_log:864 - 执行日志创建成功: job_id=system_cleanup_operation_log, id=856
2026-08-26 22:52:43.167 | INFO     | app.core.ap_scheduler:_handle_job_added:384 - 任务 system_cleanup_operation_log 已创建初始 pending 状态日志
2026-08-26 22:52:43.169 | INFO     | logging:callHandlers:1736 - Added job "操作日志清理" to job store "default"
2026-08-26 22:52:43.171 | INFO     | app.core.ap_scheduler:_handle_job_added:371 - 任务 system_database_backup (数据库备份) 已添加到 default 存储器
2026-08-26 22:52:43.197 | INFO     | app.core.ap_scheduler:_cleanup_obsolete_pending_logs:826 - 清理了任务 system_database_backup 的 1 条旧 pending 日志
2026-08-26 22:52:43.223 | INFO     | app.core.ap_scheduler:_create_job_log:864 - 执行日志创建成功: job_id=system_database_backup, id=857
2026-08-26 22:52:43.223 | INFO     | app.core.ap_scheduler:_handle_job_added:384 - 任务 system_database_backup 已创建初始 pending 状态日志
2026-08-26 22:52:43.224 | INFO     | logging:callHandlers:1736 - Added job "数据库备份" to job store "default"
2026-08-26 22:52:43.224 | INFO     | app.core.ap_scheduler:_register_system_jobs:661 - 系统周期任务已注册 2 个
2026-08-26 22:52:43.224 | INFO     | app.init_app:lifespan:68 - ✅ APScheduler 初始化完成
2026-08-26 22:52:45.273 | INFO     | app.api.v1.module_platform.video.meta_queue:start:106 - MetaFetchQueue started workers=1 recover_on_start=False recovered=0
2026-08-26 22:52:45.277 | INFO     | app.api.v1.module_platform.video.downloader:start:144 - DownloadQueue started workers=2 recovered=0
2026-08-26 22:52:45.285 | INFO     | app.init_app:lifespan:86 - ✅ 视频队列已启动 (meta_recover_on_start=False, ytdlp_subprocess=True)
2026-08-26 22:52:45.313 | INFO     | logging:callHandlers:1736 - Application startup complete.
2026-08-26 22:54:54.819 | WARNING  | logging:callHandlers:1736 - StatReload detected changes in 'app\init_app.py'. Reloading...
2026-08-26 22:54:54.878 | INFO     | logging:callHandlers:1736 - Shutting down
2026-08-26 22:54:54.987 | INFO     | logging:callHandlers:1736 - Waiting for application shutdown.
2026-08-26 22:54:54.987 | INFO     | app.api.v1.module_platform.video.meta_queue:stop:125 - MetaFetchQueue stopped
2026-08-26 22:54:54.989 | INFO     | app.api.v1.module_platform.video.downloader:stop:151 - DownloadQueue stopping: 服务关闭
2026-08-26 22:54:55.037 | INFO     | app.api.v1.module_platform.video.downloader:stop:188 - DownloadQueue stopped
2026-08-26 22:54:55.039 | INFO     | logging:callHandlers:1736 - Scheduler has been shut down
2026-08-26 22:54:55.040 | INFO     | app.core.ap_scheduler:_handle_scheduler_shutdown:415 - 调度器已关闭
2026-08-26 22:54:55.040 | INFO     | app.core.ap_scheduler:_update_scheduler_status:520 - 调度器状态变更: 0
2026-08-26 22:54:55.041 | INFO     | app.core.database:redis_connect:201 - ✅️ Redis连接已关闭
2026-08-26 22:54:55.043 | INFO     | logging:callHandlers:1736 - Application shutdown complete.
2026-08-26 22:54:55.043 | INFO     | logging:callHandlers:1736 - Finished server process [1156]
2026-08-26 22:54:57.687 | INFO     | logging:callHandlers:1736 - Started server process [2712]
2026-08-26 22:54:57.688 | INFO     | logging:callHandlers:1736 - Waiting for application startup.
2026-08-26 22:54:57.691 | ERROR    | app.init_app:lifespan:106 - app init failed: name 'InitializeData' is not defined
2026-08-26 22:54:57.698 | ERROR    | logging:callHandlers:1736 - Traceback (most recent call last):
  File "C:\Users\Administrator\Desktop\fssadmin_nestjs\FastAdmin\FssAdmin_Python\server\app\init_app.py", line 24, in lifespan
    await InitializeData().init_db()
          ^^^^^^^^^^^^^^
NameError: name 'InitializeData' is not defined

During handling of the above exception, another exception occurred:

Traceback (most recent call last):
  File "C:\Users\Administrator\Desktop\fssadmin_nestjs\FastAdmin\FssAdmin_Python\server\.venv\Lib\site-packages\starlette\routing.py", line 693, in lifespan
    async with self.lifespan_context(app) as maybe_state:
               ~~~~~~~~~~~~~~~~~~~~~^^^^^
  File "C:\Users\Administrator\AppData\Local\Programs\Python\Python313\Lib\contextlib.py", line 214, in __aenter__
    return await anext(self.gen)
           ^^^^^^^^^^^^^^^^^^^^^
  File "C:\Users\Administrator\Desktop\fssadmin_nestjs\FastAdmin\FssAdmin_Python\server\.venv\Lib\site-packages\fastapi\routing.py", line 133, in merged_lifespan
    async with original_context(app) as maybe_original_state:
               ~~~~~~~~~~~~~~~~^^^^^
  File "C:\Users\Administrator\AppData\Local\Programs\Python\Python313\Lib\contextlib.py", line 214, in __aenter__
    return await anext(self.gen)
           ^^^^^^^^^^^^^^^^^^^^^
  File "C:\Users\Administrator\Desktop\fssadmin_nestjs\FastAdmin\FssAdmin_Python\server\.venv\Lib\site-packages\fastapi\routing.py", line 133, in merged_lifespan
    async with original_context(app) as maybe_original_state:
               ~~~~~~~~~~~~~~~~^^^^^
  File "C:\Users\Administrator\AppData\Local\Programs\Python\Python313\Lib\contextlib.py", line 214, in __aenter__
    return await anext(self.gen)
           ^^^^^^^^^^^^^^^^^^^^^
  File "C:\Users\Administrator\Desktop\fssadmin_nestjs\FastAdmin\FssAdmin_Python\server\.venv\Lib\site-packages\fastapi\routing.py", line 133, in merged_lifespan
    async with original_context(app) as maybe_original_state:
               ~~~~~~~~~~~~~~~~^^^^^
  File "C:\Users\Administrator\AppData\Local\Programs\Python\Python313\Lib\contextlib.py", line 214, in __aenter__
    return await anext(self.gen)
           ^^^^^^^^^^^^^^^^^^^^^
  File "C:\Users\Administrator\Desktop\fssadmin_nestjs\FastAdmin\FssAdmin_Python\server\.venv\Lib\site-packages\fastapi\routing.py", line 133, in merged_lifespan
    async with original_context(app) as maybe_original_state:
               ~~~~~~~~~~~~~~~~^^^^^
  File "C:\Users\Administrator\AppData\Local\Programs\Python\Python313\Lib\contextlib.py", line 214, in __aenter__
    return await anext(self.gen)
           ^^^^^^^^^^^^^^^^^^^^^
  File "C:\Users\Administrator\Desktop\fssadmin_nestjs\FastAdmin\FssAdmin_Python\server\.venv\Lib\site-packages\fastapi\routing.py", line 133, in merged_lifespan
    async with original_context(app) as maybe_original_state:
               ~~~~~~~~~~~~~~~~^^^^^
  File "C:\Users\Administrator\AppData\Local\Programs\Python\Python313\Lib\contextlib.py", line 214, in __aenter__
    return await anext(self.gen)
           ^^^^^^^^^^^^^^^^^^^^^
  File "C:\Users\Administrator\Desktop\fssadmin_nestjs\FastAdmin\FssAdmin_Python\server\.venv\Lib\site-packages\fastapi\routing.py", line 133, in merged_lifespan
    async with original_context(app) as maybe_original_state:
               ~~~~~~~~~~~~~~~~^^^^^
  File "C:\Users\Administrator\AppData\Local\Programs\Python\Python313\Lib\contextlib.py", line 214, in __aenter__
    return await anext(self.gen)
           ^^^^^^^^^^^^^^^^^^^^^
  File "C:\Users\Administrator\Desktop\fssadmin_nestjs\FastAdmin\FssAdmin_Python\server\.venv\Lib\site-packages\fastapi\routing.py", line 133, in merged_lifespan
    async with original_context(app) as maybe_original_state:
               ~~~~~~~~~~~~~~~~^^^^^
  File "C:\Users\Administrator\AppData\Local\Programs\Python\Python313\Lib\contextlib.py", line 214, in __aenter__
    return await anext(self.gen)
           ^^^^^^^^^^^^^^^^^^^^^
  File "C:\Users\Administrator\Desktop\fssadmin_nestjs\FastAdmin\FssAdmin_Python\server\.venv\Lib\site-packages\fastapi\routing.py", line 133, in merged_lifespan
    async with original_context(app) as maybe_original_state:
               ~~~~~~~~~~~~~~~~^^^^^
  File "C:\Users\Administrator\AppData\Local\Programs\Python\Python313\Lib\contextlib.py", line 214, in __aenter__
    return await anext(self.gen)
           ^^^^^^^^^^^^^^^^^^^^^
  File "C:\Users\Administrator\Desktop\fssadmin_nestjs\FastAdmin\FssAdmin_Python\server\app\init_app.py", line 107, in lifespan
    raise SystemExit(1)
SystemExit: 1

2026-08-26 22:54:57.699 | ERROR    | logging:callHandlers:1736 - Application startup failed. Exiting.
2026-08-26 22:55:00.217 | WARNING  | logging:callHandlers:1736 - StatReload detected changes in 'app\init_app.py'. Reloading...
2026-08-26 22:55:02.228 | INFO     | logging:callHandlers:1736 - Started server process [21424]
2026-08-26 22:55:02.228 | INFO     | logging:callHandlers:1736 - Waiting for application startup.
2026-08-26 22:55:04.285 | INFO     | app.init_app:lifespan:25 - ✅ 全局事件模块加载完成
2026-08-26 22:55:04.285 | INFO     | app.init_app:lifespan:29 - ✅ fastapi-admin-cache 初始化完成
2026-08-26 22:55:04.287 | INFO     | app.init_app:lifespan:50 - ✅ 请求限流器初始化完成 (10000次/60秒)
2026-08-26 22:55:04.332 | INFO     | logging:callHandlers:1736 - Scheduler started
2026-08-26 22:55:06.372 | INFO     | app.core.ap_scheduler:_handle_job_added:371 - 任务 system_cleanup_operation_log (操作日志清理) 已添加到 default 存储器
2026-08-26 22:55:06.427 | INFO     | app.core.ap_scheduler:_cleanup_obsolete_pending_logs:826 - 清理了任务 system_cleanup_operation_log 的 1 条旧 pending 日志
2026-08-26 22:55:06.455 | INFO     | app.core.ap_scheduler:_create_job_log:864 - 执行日志创建成功: job_id=system_cleanup_operation_log, id=858
2026-08-26 22:55:06.456 | INFO     | app.core.ap_scheduler:_handle_job_added:384 - 任务 system_cleanup_operation_log 已创建初始 pending 状态日志
2026-08-26 22:55:06.456 | INFO     | logging:callHandlers:1736 - Added job "操作日志清理" to job store "default"
2026-08-26 22:55:06.458 | INFO     | app.core.ap_scheduler:_handle_job_added:371 - 任务 system_database_backup (数据库备份) 已添加到 default 存储器
2026-08-26 22:55:06.485 | INFO     | app.core.ap_scheduler:_cleanup_obsolete_pending_logs:826 - 清理了任务 system_database_backup 的 1 条旧 pending 日志
2026-08-26 22:55:06.536 | INFO     | app.core.ap_scheduler:_create_job_log:864 - 执行日志创建成功: job_id=system_database_backup, id=859
2026-08-26 22:55:06.537 | INFO     | app.core.ap_scheduler:_handle_job_added:384 - 任务 system_database_backup 已创建初始 pending 状态日志
2026-08-26 22:55:06.539 | INFO     | logging:callHandlers:1736 - Added job "数据库备份" to job store "default"
2026-08-26 22:55:06.539 | INFO     | app.core.ap_scheduler:_register_system_jobs:661 - 系统周期任务已注册 2 个
2026-08-26 22:55:06.539 | INFO     | app.init_app:lifespan:65 - ✅ APScheduler 初始化完成
2026-08-26 22:55:08.595 | INFO     | app.api.v1.module_platform.video.meta_queue:start:106 - MetaFetchQueue started workers=1 recover_on_start=False recovered=0
2026-08-26 22:55:08.598 | INFO     | app.api.v1.module_platform.video.downloader:start:144 - DownloadQueue started workers=2 recovered=0
2026-08-26 22:55:08.613 | INFO     | app.init_app:lifespan:83 - ✅ 视频队列已启动 (meta_recover_on_start=False, ytdlp_subprocess=True)
2026-08-26 22:55:08.634 | INFO     | logging:callHandlers:1736 - Application startup complete.
2026-08-26 22:58:31.789 | INFO     | logging:callHandlers:1736 - Shutting down
2026-08-26 22:58:31.902 | INFO     | logging:callHandlers:1736 - Waiting for application shutdown.
2026-08-26 22:58:31.902 | INFO     | app.api.v1.module_platform.video.meta_queue:stop:125 - MetaFetchQueue stopped
2026-08-26 22:58:31.904 | INFO     | app.api.v1.module_platform.video.downloader:stop:151 - DownloadQueue stopping: 服务关闭
2026-08-26 22:58:31.934 | INFO     | app.api.v1.module_platform.video.downloader:stop:188 - DownloadQueue stopped
2026-08-26 22:58:31.935 | INFO     | logging:callHandlers:1736 - Scheduler has been shut down
2026-08-26 22:58:31.936 | INFO     | app.core.ap_scheduler:_handle_scheduler_shutdown:415 - 调度器已关闭
2026-08-26 22:58:31.937 | INFO     | app.core.ap_scheduler:_update_scheduler_status:520 - 调度器状态变更: 0
2026-08-26 22:58:31.938 | INFO     | app.core.database:redis_connect:201 - ✅️ Redis连接已关闭
2026-08-26 22:58:31.940 | INFO     | logging:callHandlers:1736 - Application shutdown complete.
2026-08-26 22:58:31.940 | INFO     | logging:callHandlers:1736 - Finished server process [21424]
2026-08-26 22:58:35.571 | INFO     | logging:callHandlers:1736 - Stopping reloader process [2448]
2026-08-26 23:04:54.701 | INFO     | __main__:run:75 - 🚀 当前运行环境: dev



////////////////////////////////////////////////////////////////////
//                          _ooOoo_                               //
//                         o8888888o                              //
//                         88" . "88                              //
//                         (| ^_^ |)                              //
//                         O\  =  /O                              //
//                      ____/`---'\____                           //
//                    .'  \\|     |//  `.                         //
//                   /  \\|||  :  |||//  \                        //
//                  /  _||||| -:- |||||-  \                       //
//                  |   | \\\  -  /// |   |                       //
//                  | \_|  ''\---/''  |   |                       //
//                  \  .-\__  `-`  ___/-. /                       //
//                ___`. .'  /--.--\  `. . ___                     //
//              ."" '<  `.___\_<|>_/___.'  >'"".                  //
//            | | :  `- \`.;`\ _ /`;.`/ - ` : | |                 //
//            \  \ `-.   \_ __\ /__ _/   .-` /  /                 //
//      ========`-.____`-.___\_____/___.-`____.-'========         //
//                           `=---='                              //
//      ^^^^^^^^^^^^^^^^^^^^^^^^^^^^^^^^^^^^^^^^^^^^^^^^^^        //
//         佛祖保佑       永无BUG     永不修改                     //
////////////////////////////////////////////////////////////////////



2026-08-26 23:04:54.703 | INFO     | logging:callHandlers:1736 - Will watch for changes in these directories: ['C:\\Users\\Administrator\\Desktop\\fssadmin_nestjs\\FastAdmin\\FssAdmin_Python\\server']
2026-08-26 23:04:54.707 | INFO     | logging:callHandlers:1736 - Uvicorn running on http://localhost:8001 (Press CTRL+C to quit)
2026-08-26 23:04:54.708 | INFO     | logging:callHandlers:1736 - Started reloader process [4916] using StatReload
2026-08-26 23:04:56.787 | INFO     | logging:callHandlers:1736 - Started server process [7476]
2026-08-26 23:04:56.788 | INFO     | logging:callHandlers:1736 - Waiting for application startup.
2026-08-26 23:04:58.804 | INFO     | app.init_app:lifespan:25 - ✅ 全局事件模块加载完成
2026-08-26 23:04:58.805 | INFO     | app.init_app:lifespan:29 - ✅ fastapi-admin-cache 初始化完成
2026-08-26 23:04:58.808 | INFO     | app.init_app:lifespan:50 - ✅ 请求限流器初始化完成 (10000次/60秒)
2026-08-26 23:04:58.835 | INFO     | logging:callHandlers:1736 - Scheduler started
2026-08-26 23:05:00.872 | INFO     | app.core.ap_scheduler:_handle_job_added:371 - 任务 system_cleanup_operation_log (操作日志清理) 已添加到 default 存储器
2026-08-26 23:05:00.952 | INFO     | app.core.ap_scheduler:_cleanup_obsolete_pending_logs:826 - 清理了任务 system_cleanup_operation_log 的 1 条旧 pending 日志
2026-08-26 23:05:00.977 | INFO     | app.core.ap_scheduler:_create_job_log:864 - 执行日志创建成功: job_id=system_cleanup_operation_log, id=860
2026-08-26 23:05:00.977 | INFO     | app.core.ap_scheduler:_handle_job_added:384 - 任务 system_cleanup_operation_log 已创建初始 pending 状态日志
2026-08-26 23:05:00.978 | INFO     | logging:callHandlers:1736 - Added job "操作日志清理" to job store "default"
2026-08-26 23:05:00.979 | INFO     | app.core.ap_scheduler:_handle_job_added:371 - 任务 system_database_backup (数据库备份) 已添加到 default 存储器
2026-08-26 23:05:01.006 | INFO     | app.core.ap_scheduler:_cleanup_obsolete_pending_logs:826 - 清理了任务 system_database_backup 的 1 条旧 pending 日志
2026-08-26 23:05:01.033 | INFO     | app.core.ap_scheduler:_create_job_log:864 - 执行日志创建成功: job_id=system_database_backup, id=861
2026-08-26 23:05:01.034 | INFO     | app.core.ap_scheduler:_handle_job_added:384 - 任务 system_database_backup 已创建初始 pending 状态日志
2026-08-26 23:05:01.034 | INFO     | logging:callHandlers:1736 - Added job "数据库备份" to job store "default"
2026-08-26 23:05:01.034 | INFO     | app.core.ap_scheduler:_register_system_jobs:661 - 系统周期任务已注册 2 个
2026-08-26 23:05:01.034 | INFO     | app.init_app:lifespan:65 - ✅ APScheduler 初始化完成
2026-08-26 23:05:03.083 | INFO     | app.api.v1.module_platform.video.meta_queue:start:106 - MetaFetchQueue started workers=1 recover_on_start=False recovered=0
2026-08-26 23:05:03.086 | INFO     | app.api.v1.module_platform.video.downloader:start:144 - DownloadQueue started workers=2 recovered=0
2026-08-26 23:05:03.111 | INFO     | app.init_app:lifespan:83 - ✅ 视频队列已启动 (meta_recover_on_start=False, ytdlp_subprocess=True)
2026-08-26 23:05:03.121 | INFO     | logging:callHandlers:1736 - Application startup complete.
2026-08-26 23:07:40.350 | WARNING  | logging:callHandlers:1736 - StatReload detected changes in 'app\api\v1\module_platform\plugin\model.py'. Reloading...
2026-08-26 23:07:40.403 | INFO     | logging:callHandlers:1736 - Shutting down
2026-08-26 23:07:40.510 | INFO     | logging:callHandlers:1736 - Waiting for application shutdown.
2026-08-26 23:07:40.511 | INFO     | app.api.v1.module_platform.video.meta_queue:stop:125 - MetaFetchQueue stopped
2026-08-26 23:07:40.514 | INFO     | app.api.v1.module_platform.video.downloader:stop:151 - DownloadQueue stopping: 服务关闭
2026-08-26 23:07:40.559 | INFO     | app.api.v1.module_platform.video.downloader:stop:188 - DownloadQueue stopped
2026-08-26 23:07:40.562 | INFO     | logging:callHandlers:1736 - Scheduler has been shut down
2026-08-26 23:07:40.563 | INFO     | app.core.ap_scheduler:_handle_scheduler_shutdown:415 - 调度器已关闭
2026-08-26 23:07:40.563 | INFO     | app.core.ap_scheduler:_update_scheduler_status:520 - 调度器状态变更: 0
2026-08-26 23:07:40.564 | INFO     | app.core.database:redis_connect:201 - ✅️ Redis连接已关闭
2026-08-26 23:07:40.566 | INFO     | logging:callHandlers:1736 - Application shutdown complete.
2026-08-26 23:07:40.566 | INFO     | logging:callHandlers:1736 - Finished server process [7476]
2026-08-26 23:07:42.970 | INFO     | logging:callHandlers:1736 - Started server process [22988]
2026-08-26 23:07:42.971 | INFO     | logging:callHandlers:1736 - Waiting for application startup.
2026-08-26 23:07:45.008 | INFO     | app.init_app:lifespan:25 - ✅ 全局事件模块加载完成
2026-08-26 23:07:45.008 | INFO     | app.init_app:lifespan:29 - ✅ fastapi-admin-cache 初始化完成
2026-08-26 23:07:45.011 | INFO     | app.init_app:lifespan:50 - ✅ 请求限流器初始化完成 (10000次/60秒)
2026-08-26 23:07:45.052 | INFO     | logging:callHandlers:1736 - Scheduler started
2026-08-26 23:07:47.090 | INFO     | app.core.ap_scheduler:_handle_job_added:371 - 任务 system_cleanup_operation_log (操作日志清理) 已添加到 default 存储器
2026-08-26 23:07:47.138 | INFO     | app.core.ap_scheduler:_cleanup_obsolete_pending_logs:826 - 清理了任务 system_cleanup_operation_log 的 1 条旧 pending 日志
2026-08-26 23:07:47.167 | INFO     | app.core.ap_scheduler:_create_job_log:864 - 执行日志创建成功: job_id=system_cleanup_operation_log, id=862
2026-08-26 23:07:47.168 | INFO     | app.core.ap_scheduler:_handle_job_added:384 - 任务 system_cleanup_operation_log 已创建初始 pending 状态日志
2026-08-26 23:07:47.170 | INFO     | logging:callHandlers:1736 - Added job "操作日志清理" to job store "default"
2026-08-26 23:07:47.171 | INFO     | app.core.ap_scheduler:_handle_job_added:371 - 任务 system_database_backup (数据库备份) 已添加到 default 存储器
2026-08-26 23:07:47.196 | INFO     | app.core.ap_scheduler:_cleanup_obsolete_pending_logs:826 - 清理了任务 system_database_backup 的 1 条旧 pending 日志
2026-08-26 23:07:47.223 | INFO     | app.core.ap_scheduler:_create_job_log:864 - 执行日志创建成功: job_id=system_database_backup, id=863
2026-08-26 23:07:47.223 | INFO     | app.core.ap_scheduler:_handle_job_added:384 - 任务 system_database_backup 已创建初始 pending 状态日志
2026-08-26 23:07:47.225 | INFO     | logging:callHandlers:1736 - Added job "数据库备份" to job store "default"
2026-08-26 23:07:47.225 | INFO     | app.core.ap_scheduler:_register_system_jobs:661 - 系统周期任务已注册 2 个
2026-08-26 23:07:47.226 | INFO     | app.init_app:lifespan:65 - ✅ APScheduler 初始化完成
2026-08-26 23:07:49.287 | INFO     | app.api.v1.module_platform.video.meta_queue:start:106 - MetaFetchQueue started workers=1 recover_on_start=False recovered=0
2026-08-26 23:07:49.291 | INFO     | app.api.v1.module_platform.video.downloader:start:144 - DownloadQueue started workers=2 recovered=0
2026-08-26 23:07:49.296 | INFO     | app.init_app:lifespan:83 - ✅ 视频队列已启动 (meta_recover_on_start=False, ytdlp_subprocess=True)
2026-08-26 23:07:49.331 | INFO     | logging:callHandlers:1736 - Application startup complete.
2026-08-26 23:07:55.896 | INFO     | app.core.middlewares:dispatch:88 - 请求: GET /api/core/system/user | client=127.0.0.1
2026-08-26 23:07:55.950 | INFO     | app.core.middlewares:dispatch:100 - 响应: 200 | 53.9ms
2026-08-26 23:07:55.965 | INFO     | logging:callHandlers:1736 - 127.0.0.1:52731 - "GET /api/core/system/user HTTP/1.1" 200
2026-08-26 23:07:55.977 | INFO     | app.core.middlewares:dispatch:88 - 请求: GET /api/core/system/dictAll | client=127.0.0.1
2026-08-26 23:07:56.037 | INFO     | app.core.middlewares:dispatch:100 - 响应: 200 | 59.4ms
2026-08-26 23:07:56.037 | INFO     | logging:callHandlers:1736 - 127.0.0.1:42067 - "GET /api/core/system/dictAll HTTP/1.1" 200
2026-08-26 23:07:56.049 | INFO     | app.core.middlewares:dispatch:88 - 请求: GET /api/core/system/menu | client=127.0.0.1
2026-08-26 23:07:56.090 | INFO     | app.core.middlewares:dispatch:100 - 响应: 200 | 41.4ms
2026-08-26 23:07:56.091 | INFO     | logging:callHandlers:1736 - 127.0.0.1:42069 - "GET /api/core/system/menu HTTP/1.1" 200
2026-08-26 23:07:56.627 | INFO     | app.core.middlewares:dispatch:88 - 请求: GET /api/core/system/statistics | client=127.0.0.1
2026-08-26 23:07:56.628 | INFO     | app.core.middlewares:dispatch:88 - 请求: GET /api/core/tenants-by-username | client=127.0.0.1
2026-08-26 23:07:56.632 | INFO     | app.core.middlewares:dispatch:88 - 请求: GET /api/core/system/loginBarChart | client=127.0.0.1
2026-08-26 23:07:56.648 | INFO     | app.core.middlewares:dispatch:88 - 请求: GET /api/core/system/loginChart | client=127.0.0.1
2026-08-26 23:07:58.736 | INFO     | app.core.middlewares:dispatch:100 - 响应: 200 | 2108.6ms
2026-08-26 23:07:58.737 | INFO     | logging:callHandlers:1736 - 127.0.0.1:10038 - "GET /api/core/tenants-by-username?username=admin HTTP/1.1" 200
2026-08-26 23:08:00.471 | INFO     | app.core.middlewares:dispatch:88 - 请求: POST /api/core/logout | client=127.0.0.1
2026-08-26 23:08:01.049 | INFO     | app.core.middlewares:dispatch:88 - 请求: GET /api/core/config/public/site_name | client=127.0.0.1
2026-08-26 23:08:01.050 | INFO     | app.core.middlewares:dispatch:88 - 请求: GET /api/core/captcha | client=127.0.0.1
2026-08-26 23:08:02.781 | ERROR    | app.core.exceptions:custom_exception_handler:55 - [自定义异常] POST /api/core/logout | source=C:\Users\Administrator\Desktop\fssadmin_nestjs\FastAdmin\FssAdmin_Python\server\app\core\security.py:54:__call__ | code=401 | msg=认证失败,请登录后再试 | data=None | cid=187c8ca5
2026-08-26 23:08:02.803 | INFO     | app.core.middlewares:dispatch:100 - 响应: 401 | 2331.6ms
2026-08-26 23:08:02.803 | INFO     | logging:callHandlers:1736 - 127.0.0.1:26608 - "POST /api/core/logout HTTP/1.1" 401
2026-08-26 23:08:02.806 | INFO     | app.core.middlewares:dispatch:100 - 响应: 200 | 1757.7ms
2026-08-26 23:08:02.807 | INFO     | logging:callHandlers:1736 - 127.0.0.1:23262 - "GET /api/core/config/public/site_name HTTP/1.1" 200
2026-08-26 23:08:03.113 | INFO     | app.core.middlewares:dispatch:88 - 请求: GET /api/core/tenants-by-username | client=127.0.0.1
2026-08-26 23:08:03.630 | INFO     | app.core.middlewares:dispatch:88 - 请求: POST /api/core/logout | client=127.0.0.1
2026-08-26 23:08:04.816 | ERROR    | app.core.exceptions:custom_exception_handler:55 - [自定义异常] POST /api/core/logout | source=C:\Users\Administrator\Desktop\fssadmin_nestjs\FastAdmin\FssAdmin_Python\server\app\core\security.py:54:__call__ | code=401 | msg=认证失败,请登录后再试 | data=None | cid=5e40115b
2026-08-26 23:08:04.823 | INFO     | app.core.middlewares:dispatch:100 - 响应: 401 | 1193.4ms
2026-08-26 23:08:04.823 | INFO     | logging:callHandlers:1736 - 127.0.0.1:53815 - "POST /api/core/logout HTTP/1.1" 401
2026-08-26 23:08:04.824 | INFO     | app.core.middlewares:dispatch:100 - 响应: 200 | 3774.3ms
2026-08-26 23:08:04.825 | INFO     | logging:callHandlers:1736 - 127.0.0.1:23263 - "GET /api/core/captcha HTTP/1.1" 200
2026-08-26 23:08:04.842 | INFO     | app.core.middlewares:dispatch:100 - 响应: 200 | 1729.3ms
2026-08-26 23:08:04.842 | INFO     | logging:callHandlers:1736 - 127.0.0.1:64399 - "GET /api/core/tenants-by-username?username=admin HTTP/1.1" 200
2026-08-26 23:08:04.876 | INFO     | app.core.middlewares:dispatch:100 - 响应: 200 | 8249.3ms
2026-08-26 23:08:04.877 | INFO     | logging:callHandlers:1736 - 127.0.0.1:10039 - "GET /api/core/system/statistics HTTP/1.1" 200
2026-08-26 23:08:04.892 | INFO     | app.core.middlewares:dispatch:100 - 响应: 200 | 8259.6ms
2026-08-26 23:08:04.892 | INFO     | logging:callHandlers:1736 - 127.0.0.1:10041 - "GET /api/core/system/loginBarChart HTTP/1.1" 200
2026-08-26 23:08:04.909 | INFO     | app.core.middlewares:dispatch:100 - 响应: 200 | 8260.6ms
2026-08-26 23:08:04.909 | INFO     | logging:callHandlers:1736 - 127.0.0.1:10042 - "GET /api/core/system/loginChart HTTP/1.1" 200
2026-08-26 23:08:14.998 | INFO     | app.core.middlewares:dispatch:88 - 请求: POST /api/core/login | client=127.0.0.1
2026-08-26 23:08:15.133 | INFO     | app.core.middlewares:dispatch:100 - 响应: 200 | 134.8ms
2026-08-26 23:08:15.133 | INFO     | logging:callHandlers:1736 - 127.0.0.1:18155 - "POST /api/core/login HTTP/1.1" 200
2026-08-26 23:08:15.454 | INFO     | app.core.middlewares:dispatch:88 - 请求: GET /api/core/system/user | client=127.0.0.1
2026-08-26 23:08:15.461 | INFO     | app.core.middlewares:dispatch:100 - 响应: 200 | 7.7ms
2026-08-26 23:08:15.462 | INFO     | logging:callHandlers:1736 - 127.0.0.1:11256 - "GET /api/core/system/user HTTP/1.1" 200
2026-08-26 23:08:15.718 | INFO     | app.core.middlewares:dispatch:88 - 请求: GET /api/core/captcha | client=127.0.0.1
2026-08-26 23:08:15.726 | INFO     | app.core.middlewares:dispatch:100 - 响应: 200 | 8.5ms
2026-08-26 23:08:15.727 | INFO     | logging:callHandlers:1736 - 127.0.0.1:22968 - "GET /api/core/captcha HTTP/1.1" 200
2026-08-26 23:08:15.772 | INFO     | app.core.middlewares:dispatch:88 - 请求: GET /api/core/system/user | client=127.0.0.1
2026-08-26 23:08:15.780 | INFO     | app.core.middlewares:dispatch:100 - 响应: 200 | 8.1ms
2026-08-26 23:08:15.781 | INFO     | logging:callHandlers:1736 - 127.0.0.1:42054 - "GET /api/core/system/user HTTP/1.1" 200
2026-08-26 23:08:15.787 | INFO     | app.core.middlewares:dispatch:88 - 请求: GET /api/core/system/dictAll | client=127.0.0.1
2026-08-26 23:08:15.833 | INFO     | app.core.middlewares:dispatch:100 - 响应: 200 | 45.9ms
2026-08-26 23:08:15.833 | INFO     | logging:callHandlers:1736 - 127.0.0.1:14799 - "GET /api/core/system/dictAll HTTP/1.1" 200
2026-08-26 23:08:16.155 | INFO     | app.core.middlewares:dispatch:88 - 请求: GET /api/core/system/menu | client=127.0.0.1
2026-08-26 23:08:16.176 | INFO     | app.core.middlewares:dispatch:100 - 响应: 200 | 20.3ms
2026-08-26 23:08:16.176 | INFO     | logging:callHandlers:1736 - 127.0.0.1:16973 - "GET /api/core/system/menu HTTP/1.1" 200
2026-08-26 23:08:16.414 | INFO     | app.core.middlewares:dispatch:88 - 请求: GET /api/core/tenants-by-username | client=127.0.0.1
2026-08-26 23:08:16.420 | INFO     | app.core.middlewares:dispatch:100 - 响应: 200 | 6.4ms
2026-08-26 23:08:16.420 | INFO     | logging:callHandlers:1736 - 127.0.0.1:12690 - "GET /api/core/tenants-by-username?username=admin HTTP/1.1" 200
2026-08-26 23:08:16.573 | INFO     | app.core.middlewares:dispatch:88 - 请求: GET /api/core/system/statistics | client=127.0.0.1
2026-08-26 23:08:16.574 | INFO     | app.core.middlewares:dispatch:88 - 请求: GET /api/core/system/loginBarChart | client=127.0.0.1
2026-08-26 23:08:16.576 | INFO     | app.core.middlewares:dispatch:88 - 请求: GET /api/core/system/loginChart | client=127.0.0.1
2026-08-26 23:08:16.613 | INFO     | app.core.middlewares:dispatch:100 - 响应: 200 | 40.1ms
2026-08-26 23:08:16.613 | INFO     | logging:callHandlers:1736 - 127.0.0.1:45210 - "GET /api/core/system/statistics HTTP/1.1" 200
2026-08-26 23:08:16.627 | INFO     | app.core.middlewares:dispatch:100 - 响应: 200 | 52.9ms
2026-08-26 23:08:16.627 | INFO     | logging:callHandlers:1736 - 127.0.0.1:45211 - "GET /api/core/system/loginBarChart HTTP/1.1" 200
2026-08-26 23:08:16.645 | INFO     | app.core.middlewares:dispatch:100 - 响应: 200 | 68.9ms
2026-08-26 23:08:16.645 | INFO     | logging:callHandlers:1736 - 127.0.0.1:45212 - "GET /api/core/system/loginChart HTTP/1.1" 200
2026-08-26 23:08:18.835 | INFO     | app.core.middlewares:dispatch:88 - 请求: POST /api/core/switch-tenant | client=127.0.0.1
2026-08-26 23:08:18.915 | INFO     | app.core.middlewares:dispatch:100 - 响应: 200 | 80.9ms
2026-08-26 23:08:18.916 | INFO     | logging:callHandlers:1736 - 127.0.0.1:45214 - "POST /api/core/switch-tenant HTTP/1.1" 200
2026-08-26 23:08:19.240 | INFO     | app.core.middlewares:dispatch:88 - 请求: GET /api/core/system/user | client=127.0.0.1
2026-08-26 23:08:19.247 | INFO     | app.core.middlewares:dispatch:100 - 响应: 200 | 7.4ms
2026-08-26 23:08:19.248 | INFO     | logging:callHandlers:1736 - 127.0.0.1:23417 - "GET /api/core/system/user HTTP/1.1" 200
2026-08-26 23:08:19.837 | INFO     | app.core.middlewares:dispatch:88 - 请求: GET /api/core/system/user | client=127.0.0.1
2026-08-26 23:08:19.847 | INFO     | app.core.middlewares:dispatch:100 - 响应: 200 | 10.0ms
2026-08-26 23:08:19.847 | INFO     | logging:callHandlers:1736 - 127.0.0.1:22075 - "GET /api/core/system/user HTTP/1.1" 200
2026-08-26 23:08:19.875 | INFO     | app.core.middlewares:dispatch:88 - 请求: GET /api/core/system/dictAll | client=127.0.0.1
2026-08-26 23:08:19.932 | INFO     | app.core.middlewares:dispatch:100 - 响应: 200 | 56.8ms
2026-08-26 23:08:19.932 | INFO     | logging:callHandlers:1736 - 127.0.0.1:50062 - "GET /api/core/system/dictAll HTTP/1.1" 200
2026-08-26 23:08:19.942 | INFO     | app.core.middlewares:dispatch:88 - 请求: GET /api/core/system/menu | client=127.0.0.1
2026-08-26 23:08:19.974 | INFO     | app.core.middlewares:dispatch:100 - 响应: 200 | 31.8ms
2026-08-26 23:08:19.991 | INFO     | logging:callHandlers:1736 - 127.0.0.1:37732 - "GET /api/core/system/menu HTTP/1.1" 200
2026-08-26 23:08:20.397 | INFO     | app.core.middlewares:dispatch:88 - 请求: GET /api/core/tenants-by-username | client=127.0.0.1
2026-08-26 23:08:20.397 | INFO     | app.core.middlewares:dispatch:88 - 请求: GET /api/core/system/statistics | client=127.0.0.1
2026-08-26 23:08:20.400 | INFO     | app.core.middlewares:dispatch:88 - 请求: GET /api/core/system/loginBarChart | client=127.0.0.1
2026-08-26 23:08:20.401 | INFO     | app.core.middlewares:dispatch:88 - 请求: GET /api/core/system/loginChart | client=127.0.0.1
2026-08-26 23:08:20.497 | INFO     | app.core.middlewares:dispatch:100 - 响应: 200 | 100.7ms
2026-08-26 23:08:20.500 | INFO     | logging:callHandlers:1736 - 127.0.0.1:18421 - "GET /api/core/tenants-by-username?username=admin HTTP/1.1" 200
2026-08-26 23:08:20.519 | INFO     | app.core.middlewares:dispatch:100 - 响应: 200 | 121.4ms
2026-08-26 23:08:20.520 | INFO     | logging:callHandlers:1736 - 127.0.0.1:18422 - "GET /api/core/system/statistics HTTP/1.1" 200
2026-08-26 23:08:20.568 | INFO     | app.core.middlewares:dispatch:100 - 响应: 200 | 168.2ms
2026-08-26 23:08:20.579 | INFO     | logging:callHandlers:1736 - 127.0.0.1:18423 - "GET /api/core/system/loginBarChart HTTP/1.1" 200
2026-08-26 23:08:20.604 | INFO     | app.core.middlewares:dispatch:100 - 响应: 200 | 202.6ms
2026-08-26 23:08:20.606 | INFO     | logging:callHandlers:1736 - 127.0.0.1:18424 - "GET /api/core/system/loginChart HTTP/1.1" 200
2026-08-26 23:09:00.321 | INFO     | logging:callHandlers:1736 - Shutting down
2026-08-26 23:09:00.427 | INFO     | logging:callHandlers:1736 - Waiting for application shutdown.
2026-08-26 23:09:00.428 | INFO     | app.api.v1.module_platform.video.meta_queue:stop:125 - MetaFetchQueue stopped
2026-08-26 23:09:00.429 | INFO     | app.api.v1.module_platform.video.downloader:stop:151 - DownloadQueue stopping: 服务关闭
2026-08-26 23:09:00.432 | INFO     | app.api.v1.module_platform.video.downloader:stop:188 - DownloadQueue stopped
2026-08-26 23:09:00.434 | INFO     | logging:callHandlers:1736 - Scheduler has been shut down
2026-08-26 23:09:00.434 | INFO     | app.core.ap_scheduler:_handle_scheduler_shutdown:415 - 调度器已关闭
2026-08-26 23:09:00.434 | INFO     | app.core.ap_scheduler:_update_scheduler_status:520 - 调度器状态变更: 0
2026-08-26 23:09:00.435 | INFO     | app.core.database:redis_connect:201 - ✅️ Redis连接已关闭
2026-08-26 23:09:00.438 | INFO     | logging:callHandlers:1736 - Application shutdown complete.
2026-08-26 23:09:00.438 | INFO     | logging:callHandlers:1736 - Finished server process [22988]
2026-08-26 23:09:01.604 | INFO     | logging:callHandlers:1736 - Stopping reloader process [4916]
2026-08-26 23:16:18.281 | INFO     | __main__:run:75 - 🚀 当前运行环境: dev



////////////////////////////////////////////////////////////////////
//                          _ooOoo_                               //
//                         o8888888o                              //
//                         88" . "88                              //
//                         (| ^_^ |)                              //
//                         O\  =  /O                              //
//                      ____/`---'\____                           //
//                    .'  \\|     |//  `.                         //
//                   /  \\|||  :  |||//  \                        //
//                  /  _||||| -:- |||||-  \                       //
//                  |   | \\\  -  /// |   |                       //
//                  | \_|  ''\---/''  |   |                       //
//                  \  .-\__  `-`  ___/-. /                       //
//                ___`. .'  /--.--\  `. . ___                     //
//              ."" '<  `.___\_<|>_/___.'  >'"".                  //
//            | | :  `- \`.;`\ _ /`;.`/ - ` : | |                 //
//            \  \ `-.   \_ __\ /__ _/   .-` /  /                 //
//      ========`-.____`-.___\_____/___.-`____.-'========         //
//                           `=---='                              //
//      ^^^^^^^^^^^^^^^^^^^^^^^^^^^^^^^^^^^^^^^^^^^^^^^^^^        //
//         佛祖保佑       永无BUG     永不修改                     //
////////////////////////////////////////////////////////////////////



2026-08-26 23:16:18.282 | INFO     | logging:callHandlers:1736 - Will watch for changes in these directories: ['C:\\Users\\Administrator\\Desktop\\fssadmin_nestjs\\FastAdmin\\FssAdmin_Python\\server']
2026-08-26 23:16:18.286 | INFO     | logging:callHandlers:1736 - Uvicorn running on http://localhost:8001 (Press CTRL+C to quit)
2026-08-26 23:16:18.287 | INFO     | logging:callHandlers:1736 - Started reloader process [2316] using StatReload
2026-08-26 23:16:20.158 | INFO     | logging:callHandlers:1736 - Started server process [29248]
2026-08-26 23:16:20.159 | INFO     | logging:callHandlers:1736 - Waiting for application startup.
2026-08-26 23:16:22.189 | INFO     | app.init_app:lifespan:25 - ✅ 全局事件模块加载完成
2026-08-26 23:16:22.189 | INFO     | app.init_app:lifespan:29 - ✅ fastapi-admin-cache 初始化完成
2026-08-26 23:16:22.201 | INFO     | app.init_app:lifespan:50 - ✅ 请求限流器初始化完成 (10000次/60秒)
2026-08-26 23:16:22.252 | INFO     | logging:callHandlers:1736 - Scheduler started
2026-08-26 23:16:24.279 | INFO     | app.core.ap_scheduler:_handle_job_added:371 - 任务 system_cleanup_operation_log (操作日志清理) 已添加到 default 存储器
2026-08-26 23:16:24.328 | INFO     | app.core.ap_scheduler:_cleanup_obsolete_pending_logs:826 - 清理了任务 system_cleanup_operation_log 的 1 条旧 pending 日志
2026-08-26 23:16:24.382 | INFO     | app.core.ap_scheduler:_create_job_log:864 - 执行日志创建成功: job_id=system_cleanup_operation_log, id=864
2026-08-26 23:16:24.382 | INFO     | app.core.ap_scheduler:_handle_job_added:384 - 任务 system_cleanup_operation_log 已创建初始 pending 状态日志
2026-08-26 23:16:24.384 | INFO     | logging:callHandlers:1736 - Added job "操作日志清理" to job store "default"
2026-08-26 23:16:24.386 | INFO     | app.core.ap_scheduler:_handle_job_added:371 - 任务 system_database_backup (数据库备份) 已添加到 default 存储器
2026-08-26 23:16:24.411 | INFO     | app.core.ap_scheduler:_cleanup_obsolete_pending_logs:826 - 清理了任务 system_database_backup 的 1 条旧 pending 日志
2026-08-26 23:16:24.438 | INFO     | app.core.ap_scheduler:_create_job_log:864 - 执行日志创建成功: job_id=system_database_backup, id=865
2026-08-26 23:16:24.438 | INFO     | app.core.ap_scheduler:_handle_job_added:384 - 任务 system_database_backup 已创建初始 pending 状态日志
2026-08-26 23:16:24.440 | INFO     | logging:callHandlers:1736 - Added job "数据库备份" to job store "default"
2026-08-26 23:16:24.441 | INFO     | app.core.ap_scheduler:_register_system_jobs:661 - 系统周期任务已注册 2 个
2026-08-26 23:16:24.441 | INFO     | app.init_app:lifespan:65 - ✅ APScheduler 初始化完成
2026-08-26 23:16:26.499 | INFO     | app.api.v1.module_platform.video.meta_queue:start:106 - MetaFetchQueue started workers=1 recover_on_start=False recovered=0
2026-08-26 23:16:26.503 | INFO     | app.api.v1.module_platform.video.downloader:start:144 - DownloadQueue started workers=2 recovered=0
2026-08-26 23:16:26.508 | INFO     | app.init_app:lifespan:83 - ✅ 视频队列已启动 (meta_recover_on_start=False, ytdlp_subprocess=True)
2026-08-26 23:16:26.537 | INFO     | logging:callHandlers:1736 - Application startup complete.
2026-08-26 23:16:27.710 | INFO     | app.core.middlewares:dispatch:88 - 请求: GET /api/core/server/monitor | client=127.0.0.1
2026-08-26 23:16:27.722 | INFO     | app.core.middlewares:dispatch:100 - 响应: 200 | 11.2ms
2026-08-26 23:16:27.722 | INFO     | logging:callHandlers:1736 - 127.0.0.1:36418 - "GET /api/core/server/monitor HTTP/1.1" 200
2026-08-26 23:16:29.311 | INFO     | app.core.middlewares:dispatch:88 - 请求: GET /api/core/logs/getLoginLogPageList | client=127.0.0.1
2026-08-26 23:16:29.326 | INFO     | app.core.middlewares:dispatch:100 - 响应: 200 | 15.7ms
2026-08-26 23:16:29.327 | INFO     | logging:callHandlers:1736 - 127.0.0.1:11692 - "GET /api/core/logs/getLoginLogPageList?page=1&limit=10&orderField=login_time&orderType=desc HTTP/1.1" 200
2026-08-26 23:16:30.741 | INFO     | app.core.middlewares:dispatch:88 - 请求: GET /api/core/server/monitor | client=127.0.0.1
2026-08-26 23:16:30.749 | INFO     | app.core.middlewares:dispatch:100 - 响应: 200 | 7.1ms
2026-08-26 23:16:30.749 | INFO     | logging:callHandlers:1736 - 127.0.0.1:11698 - "GET /api/core/server/monitor HTTP/1.1" 200
2026-08-26 23:16:31.653 | INFO     | app.core.middlewares:dispatch:88 - 请求: GET /api/core/logs/getLoginLogPageList | client=127.0.0.1
2026-08-26 23:16:31.664 | INFO     | app.core.middlewares:dispatch:100 - 响应: 200 | 10.4ms
2026-08-26 23:16:31.665 | INFO     | logging:callHandlers:1736 - 127.0.0.1:11702 - "GET /api/core/logs/getLoginLogPageList?page=1&limit=10&orderField=login_time&orderType=desc HTTP/1.1" 200
2026-08-26 23:16:32.870 | INFO     | app.core.middlewares:dispatch:88 - 请求: GET /api/tool/code/index | client=127.0.0.1
2026-08-26 23:16:32.872 | ERROR    | app.core.exceptions:http_exception_handler:64 - [HTTP异常] GET /api/tool/code/index | status_code=404 | detail=Not Found | cid=764cef08
2026-08-26 23:16:32.874 | INFO     | app.core.middlewares:dispatch:100 - 响应: 404 | 3.9ms
2026-08-26 23:16:32.874 | INFO     | logging:callHandlers:1736 - 127.0.0.1:10036 - "GET /api/tool/code/index?page=1&limit=10 HTTP/1.1" 404
2026-08-26 23:16:34.222 | INFO     | app.core.middlewares:dispatch:88 - 请求: GET /api/article/list | client=127.0.0.1
2026-08-26 23:16:34.224 | ERROR    | app.core.exceptions:http_exception_handler:64 - [HTTP异常] GET /api/article/list | status_code=404 | detail=Not Found | cid=573f3927
2026-08-26 23:16:34.225 | INFO     | app.core.middlewares:dispatch:100 - 响应: 404 | 3.6ms
2026-08-26 23:16:34.226 | INFO     | logging:callHandlers:1736 - 127.0.0.1:50519 - "GET /api/article/list?page=1&limit=10 HTTP/1.1" 404
2026-08-26 23:16:35.227 | INFO     | app.core.middlewares:dispatch:88 - 请求: GET /api/task/cronjob/job/scheduler/jobs | client=127.0.0.1
2026-08-26 23:16:35.237 | INFO     | app.core.middlewares:dispatch:100 - 响应: 200 | 9.4ms
2026-08-26 23:16:35.237 | INFO     | logging:callHandlers:1736 - 127.0.0.1:50521 - "GET /api/task/cronjob/job/scheduler/jobs HTTP/1.1" 200
2026-08-26 23:16:35.250 | INFO     | app.core.middlewares:dispatch:88 - 请求: GET /api/task/cronjob/job/scheduler/status | client=127.0.0.1
2026-08-26 23:16:35.260 | INFO     | app.core.middlewares:dispatch:100 - 响应: 200 | 10.2ms
2026-08-26 23:16:35.260 | INFO     | logging:callHandlers:1736 - 127.0.0.1:50523 - "GET /api/task/cronjob/job/scheduler/status HTTP/1.1" 200
2026-08-26 23:16:37.552 | INFO     | app.core.middlewares:dispatch:88 - 请求: GET /api/task/cronjob/node/list | client=127.0.0.1
2026-08-26 23:16:37.569 | INFO     | app.core.middlewares:dispatch:100 - 响应: 200 | 17.6ms
2026-08-26 23:16:37.570 | INFO     | logging:callHandlers:1736 - 127.0.0.1:55091 - "GET /api/task/cronjob/node/list?page_no=1&page_size=10 HTTP/1.1" 200
2026-08-26 23:16:48.587 | INFO     | app.core.middlewares:dispatch:88 - 请求: GET /api/platform/video/list | client=127.0.0.1
2026-08-26 23:16:50.635 | INFO     | app.core.middlewares:dispatch:100 - 响应: 200 | 2048.2ms
2026-08-26 23:16:50.636 | INFO     | logging:callHandlers:1736 - 127.0.0.1:17596 - "GET /api/platform/video/list?page_no=1&page_size=10 HTTP/1.1" 200
